customer_id,name,email,city,state,created_date
1,Michael Reed,alexiscoffey@example.com,Atkinsonview,Maine,2026-06-13
2,Kayla Brennan,gibsonblake@example.net,West Michaelville,North Carolina,2025-07-13
3,Anna Robinson,heidi49@example.org,Smithport,Mississippi,2026-01-29
4,Michael Pierce,peterrussell@example.com,Frederickmouth,Louisiana,2025-01-22
5,Madeline Taylor,chandlerjonathan@example.org,Davidfort,Washington,2025-05-17
6,Christopher Peck,susan16@example.org,New Stacey,Kentucky,2024-09-04
7,Lisa Newman,phillipskimberly@example.org,Port Veronica,Hawaii,2024-08-31
8,Ryan Parker,kmatthews@example.net,Maysborough,Delaware,2025-01-22
9,Peter Garcia,fgillespie@example.com,Silvastad,Minnesota,2024-09-17
10,Robert Foster,zwashington@example.com,Cortezfurt,Massachusetts,2026-03-21
11,Jonathan West,monica13@example.net,South Daniellechester,Wisconsin,2025-05-24
12,Julia Davenport,jamesbrittany@example.net,Lake Brittany,Mississippi,2026-01-11
13,Gregory Norman,alison03@example.com,East Jasmine,Washington,2025-09-07
14,Emma Johnson,pmorrison@example.net,South Caleb,New Hampshire,2025-03-31
15,Mitchell Brock,rebeccagriffith@example.org,West Wendy,Alabama,2026-08-07
16,Debra Smith,nancy15@example.net,Williamsville,Texas,2026-01-27
17,Katelyn Gonzalez,mikeboyd@example.org,Goodmanland,Montana,2025-12-31
18,Paul Burton,elizabeth84@example.org,Lake Jacob,North Dakota,2026-07-15
19,Carl Burke,joyjames@example.com,Wolfemouth,Nevada,2025-08-11
20,Alexandra Adams,jwilson@example.net,Nicholasmouth,South Carolina,2025-10-03
21,Terri Jones,harmonmartin@example.net,Wrightside,Kansas,2025-08-06
22,Kristin Castillo,doylebenjamin@example.com,Hamiltonville,Indiana,2026-02-20
23,Peter Miller,udavis@example.org,West Jeffery,South Carolina,2026-04-24
24,Amanda Proctor,scott20@example.net,North Rachelmouth,Hawaii,2025-03-01
25,Mr. Craig Allen Jr.,whitakermelinda@example.com,Port Jennifershire,Idaho,2025-05-09
26,Angela Rangel,jason36@example.com,Krauseberg,Minnesota,2024-11-21
27,Stacy Le,michael57@example.com,Aaronland,Idaho,2025-11-06
28,Derek Ortega,candaceturner@example.org,Lake Chad,West Virginia,2025-06-19
29,Cody Bryant,pmiller@example.org,Yolandabury,Oklahoma,2024-11-03
30,Kathy Ferguson,nicole28@example.org,Port Gregoryfurt,Kentucky,2025-02-18
31,Connie White,jamessean@example.com,Wilcoxview,Idaho,2026-05-29
32,Michael Carlson,walvarez@example.net,Angelachester,Kentucky,2025-03-03
33,Haley Hopkins,joshuamcgrath@example.org,North Brendaside,New York,2025-12-08
34,Dr. Johnny Salinas MD,kristi54@example.net,Jaredmouth,Tennessee,2025-07-06
35,Jordan Dixon,wrightamy@example.com,North Scott,Kansas,2026-02-26
36,Dawn Chambers,blake44@example.net,Jonesfort,Delaware,2025-04-12
37,Wendy Smith,amber58@example.net,Port Jeffery,Utah,2026-04-12
38,Rebecca Johnson,denise41@example.com,Port Jacquelinechester,Delaware,2025-11-24
39,Sean Perkins,bryanjohnson@example.net,Campbellside,Arizona,2025-08-28
40,Cole Wheeler,fordjames@example.org,Lake Sherriland,Arkansas,2025-08-01
41,Thomas Thomas III,ryanzamora@example.org,Lake Katrina,North Dakota,2024-09-19
42,Colleen Chung,ernest34@example.com,Timothystad,Minnesota,2026-02-04
43,Christopher Lopez,lindaclay@example.org,Port Kenneth,Kansas,2024-09-17
44,Kelly Castillo,tiffany66@example.com,Jeffbury,New York,2025-09-10
45,Bryan Stokes,johnsonbrooke@example.net,Lake Jeanetteborough,Louisiana,2025-04-24
46,Pamela Ali,ravenmorales@example.org,Port Matthewborough,Montana,2026-01-01
47,Mitchell Holland,connie67@example.net,North Gloria,New Hampshire,2026-01-23
48,Stephanie Martinez,veronica20@example.org,West Melissatown,Pennsylvania,2025-11-19
49,Judy Fleming,jeffreyhicks@example.net,Michelleton,Hawaii,2026-03-11
50,Jason Simmons,gsimpson@example.net,South Angelafurt,South Dakota,2024-12-30
51,Sherri Page,wilsongrace@example.com,Hunterburgh,North Carolina,2024-08-26
52,Jacob Brown,umorris@example.com,Christensenmouth,Missouri,2024-11-04
53,David Smith,matthewnicholson@example.net,New Davidburgh,North Carolina,2026-05-14
54,Susan Allen,hardyelizabeth@example.net,Port Richard,Mississippi,2026-06-03
55,Sean Jones,kevin97@example.com,Johnland,New Hampshire,2026-07-24
56,Rebecca Ford,jonathon70@example.com,Randyhaven,Utah,2025-02-10
57,Dr. Brady Parker,michael80@example.com,West Colton,New Hampshire,2025-11-28
58,Michael Cisneros,troycollins@example.org,Griffinberg,Kansas,2025-02-19
59,Morgan Sanchez,rhenry@example.net,Coleview,Utah,2025-12-10
60,Thomas Moore,mindy93@example.com,Lake Ashley,Mississippi,2026-01-09
61,Christina Rodriguez,xhowell@example.net,Claytonton,Michigan,2026-03-04
62,Shane Smith,reynoldslaura@example.org,East Sara,Massachusetts,2025-06-04
63,Kaylee Clements,kathrynpetersen@example.com,Alexanderstad,Colorado,2024-11-28
64,Anthony Ferguson,andrew70@example.net,Troybury,Vermont,2024-09-27
65,Sarah Hubbard,christinawilcox@example.net,Larsonborough,Tennessee,2025-07-15
66,Ruth Mcgee,agonzales@example.com,Loganmouth,Idaho,2025-10-22
67,Christine Stone,valerie94@example.net,Holmesview,West Virginia,2025-01-01
68,Rhonda Powers,sandrashaw@example.net,North Jodiberg,Montana,2024-10-10
69,Charles Smith,steven52@example.net,Rogersmouth,Rhode Island,2026-03-23
70,David Richardson,johnpham@example.com,Allenberg,Arkansas,2025-04-21
71,Miguel Snyder,lawsonmark@example.com,Port Michaelville,North Carolina,2026-04-05
72,Meagan Duncan,sharon49@example.org,East Susanburgh,Mississippi,2025-06-04
73,Vickie Dalton,adambaker@example.net,Port Tarastad,Idaho,2025-04-11
74,Benjamin Fitzpatrick,rogersjenny@example.net,South Samantha,Texas,2025-09-29
75,Rebecca Mcdonald,nicole16@example.com,Port Markfort,Florida,2026-02-10
76,Mary Ortiz,michael41@example.com,New Joseton,Arkansas,2024-12-04
77,Wyatt Robertson,devin30@example.org,Christineton,New Jersey,2026-06-26
78,Nathaniel Lewis,xrichards@example.com,North Daltontown,New York,2025-02-03
79,Eric Graves,wmoore@example.org,Pamelabury,Nevada,2026-01-31
80,Michelle Martinez,frichards@example.org,New Mark,Vermont,2025-02-16
81,Matthew Skinner,tvasquez@example.net,Jeffreyborough,Oklahoma,2025-05-18
82,Karen Campbell,rnicholson@example.net,Coxfurt,Kansas,2026-03-27
83,Michael Jones,travissmith@example.com,Lake Mark,Nevada,2025-09-12
84,Kyle Powell,nelsonnancy@example.com,South Karlachester,Vermont,2025-09-21
85,Ronnie Bell,sandra52@example.org,South Michaelville,Massachusetts,2025-07-25
86,Robin Martin,kimalvarez@example.com,Lake Virginiaton,Florida,2024-11-10
87,James Ruiz,rtownsend@example.com,West Michael,Hawaii,2025-04-23
88,Roger Thompson,westphillip@example.org,Jeremybury,Maryland,2025-10-07
89,Molly Moore,ericward@example.net,New Tonyaland,North Carolina,2025-03-23
90,Gabrielle Reyes,vhorn@example.net,Lamborough,Kansas,2025-04-23
91,Mr. Michael Wallace,smithcynthia@example.org,Port Patrickchester,Pennsylvania,2026-05-24
92,Amanda White,kristireed@example.org,Taylorland,North Dakota,2025-02-26
93,Michael Benitez,hughestoni@example.com,North Margaret,Texas,2026-05-25
94,Brenda Hernandez,zferguson@example.net,South Nicholasbury,Delaware,2025-03-29
95,Kenneth Ellis,deannamalone@example.org,Hendersonton,Hawaii,2026-03-31
96,Shannon Johns,christina99@example.org,East Micheal,Arkansas,2026-05-03
97,John Diaz,lucerotim@example.net,New Crystalshire,Virginia,2025-09-23
98,Kenneth Miller,markcraig@example.org,Gordonland,Idaho,2026-05-01
99,Kelli Chang,williamdavis@example.org,Andrewchester,Mississippi,2026-05-22
100,Tyler Kelly,adam56@example.org,Teresaville,Arizona,2024-09-09
101,Jerome Coleman,hbennett@example.org,Lake Michelle,Virginia,2026-03-15
102,Erika Sandoval,yfernandez@example.org,Lesterville,Mississippi,2026-04-18
103,Cindy Lopez,nicholemills@example.com,Johnstontown,Georgia,2025-01-26
104,Michael Nguyen,cooperholly@example.net,Carlosside,Vermont,2025-05-10
105,Paul Wolfe,bmason@example.org,Harrischester,Texas,2024-12-29
106,Mary Rivera,jasongallegos@example.org,East Christian,Maine,2024-09-02
107,Sarah Hayes,mcclainbrooke@example.net,Lake Kelly,South Carolina,2025-06-24
108,David Marshall,elizabeth42@example.com,Carrieberg,Florida,2024-11-21
109,Linda Taylor,kayala@example.org,North Angelaland,Michigan,2024-11-26
110,Robert Keller,christina58@example.org,West Rhonda,Wyoming,2026-07-29
111,Timothy Owen,gschaefer@example.org,New Veronica,Illinois,2024-09-13
112,Barry Leon,lauren37@example.org,West Jared,Texas,2024-11-11
113,Amanda Maddox,uking@example.net,Port Kara,Utah,2025-09-10
114,Caleb Humphrey,christine93@example.com,Smithton,Vermont,2026-04-25
115,Marie Wright,angeladunn@example.net,Perezmouth,Connecticut,2025-02-15
116,Christopher Garza,robinsonpaula@example.com,Johnhaven,Georgia,2025-08-19
117,Corey Griffin,dwilliamson@example.com,North Michael,Maine,2026-08-09
118,Paul Stevens,amy84@example.org,Susanport,Nebraska,2025-11-01
119,Veronica Gomez,jason54@example.com,Ashleyfurt,Hawaii,2025-09-20
120,Colleen Lang,camachokristi@example.com,Matthewton,Kansas,2026-01-03
121,Robert Clark,sellerscody@example.net,Jeffreyburgh,New Hampshire,2024-11-03
122,Julie Acosta,leeburton@example.net,Lake Patricia,Idaho,2026-05-20
123,John Chavez,barnessara@example.org,Lake Danielshire,North Carolina,2026-02-27
124,Michael Ward,tonyawilliams@example.org,Timothyside,Indiana,2024-08-23
125,Elizabeth Stark,ulopez@example.org,Isabelburgh,Utah,2025-12-23
126,Travis Hodge,johnathanrussell@example.com,East Michael,New York,2026-05-12
127,John Gonzalez,kevin67@example.net,Lake Charlesport,Missouri,2025-04-14
128,Nicole Davis,ewingpaul@example.net,Barbaraland,Massachusetts,2026-01-28
129,Michael Mckee,garcialee@example.org,Sherrifurt,Rhode Island,2025-11-14
130,Joseph Richardson,amy74@example.net,Davidsonmouth,Colorado,2025-09-13
131,Tom Hall,ocortez@example.com,Hutchinsonburgh,Nebraska,2025-06-10
132,John Weaver,higginstammy@example.org,Lake Cliffordhaven,Wyoming,2025-01-17
133,Tony Roberts,lewisrobert@example.org,West Richardshire,Massachusetts,2025-10-25
134,Edward Santiago,vevans@example.org,South Ashley,Delaware,2025-05-12
135,Jacqueline Clark,wpatterson@example.net,Markhaven,New Jersey,2025-06-10
136,Eric Lewis,ylarson@example.org,New Gregory,New York,2026-01-13
137,Karla Rivera,gjones@example.net,Dianefort,Massachusetts,2026-08-11
138,Faith Vega,tsmith@example.net,Laurenland,Colorado,2025-11-29
139,Tonya Patton,nicole28@example.org,Smithshire,Indiana,2024-11-14
140,Ann Jacobs,greeneanthony@example.net,North Jessica,Nevada,2025-02-25
141,Joseph Williams,courtney06@example.com,Johnsonton,Kansas,2025-03-20
142,James Nguyen,katherine93@example.org,Joannatown,Montana,2025-04-02
143,Debra Rogers,bcalderon@example.net,East Nataliefort,New York,2024-08-27
144,Phillip Rhodes,tammy11@example.com,Port Amanda,Texas,2025-07-06
145,Thomas Scott,wjohnson@example.net,West Donald,Texas,2026-06-15
146,Kaitlin Ramirez,dawnjohnson@example.org,Williamside,Tennessee,2025-08-03
147,Kelsey Holmes,billy33@example.org,North Kenneth,Maine,2025-07-17
148,Jessica Lutz,wmorgan@example.net,Diazburgh,Maine,2026-02-22
149,Adrian Fernandez,billyking@example.com,Edwardburgh,Rhode Island,2025-03-05
150,Ricardo Cochran,jonesfrank@example.com,Kathleenshire,North Dakota,2025-01-14
151,Brian Parks,floresstephanie@example.org,Port Jonathan,Missouri,2025-09-10
152,Christian Gardner,kevingrant@example.com,Hubbardmouth,Nevada,2025-11-20
153,Barbara Wolf,colin53@example.org,West Linda,Massachusetts,2026-05-13
154,Christopher Robinson,bishoprichard@example.org,South Kristyberg,New York,2026-07-06
155,David Burke,gperez@example.com,Rasmussenview,South Dakota,2025-03-28
156,Brianna Frank,cdavis@example.net,Port Patricia,Wisconsin,2025-03-19
157,Miss Janice Wilcox,carrollrandy@example.com,Parksstad,Michigan,2025-05-20
158,Michael Mejia,brownlarry@example.com,Shannonbury,Idaho,2025-01-11
159,Gary Reed,warrenmary@example.org,Johnsonton,New Mexico,2024-11-14
160,Daniel Hall,victorgomez@example.org,Lake Taylor,Illinois,2025-04-14
161,Paul Woodard,christinawolf@example.org,New Courtneyfurt,Vermont,2025-09-24
162,Michael Carter,johnbutler@example.org,West Shannon,Arizona,2026-08-10
163,Lindsay Gallagher,jennifer14@example.com,Griffithville,Massachusetts,2025-01-31
164,Jared Peters,khanelizabeth@example.net,South Breannaville,Maine,2025-04-09
165,Jason Johnson,robert08@example.org,Port Christine,Montana,2026-07-20
166,Denise Williams,matthew90@example.com,West Stephanieshire,Nebraska,2025-04-10
167,Stephen Long,pmanning@example.org,South Morganborough,Arizona,2024-09-20
168,Roger King,rperez@example.org,Beanmouth,Idaho,2024-12-20
169,Loretta Ayers,camachopaula@example.com,Campbellshire,North Dakota,2026-01-19
170,Kyle Cruz,rsmith@example.net,New Sean,Utah,2026-05-25
171,Michael Taylor,alove@example.net,Port Geoffrey,Maine,2026-02-09
172,Paul Conner,susan30@example.org,Joneschester,Kansas,2026-04-25
173,Erik Lee,rhonda96@example.org,Danielletown,Kentucky,2024-10-06
174,Kayla Ponce,joneskaren@example.com,Bobbyland,Maine,2025-10-06
175,Jonathan Vasquez,philliphernandez@example.com,Benjaminstad,Maine,2025-06-04
176,Daniel Orozco,slloyd@example.org,Lindsayborough,Alabama,2024-09-04
177,Amanda Sherman,terry52@example.net,West Anita,Arizona,2024-11-13
178,Lisa Noble,katherineperkins@example.net,Ericamouth,Montana,2025-01-02
179,Ashley Blanchard,hunttina@example.net,Shepardchester,South Dakota,2024-12-20
180,Max Guzman,sarah10@example.net,Patrickberg,Delaware,2025-07-06
181,Kelly Smith,ronaldestes@example.com,Randallland,Utah,2026-08-17
182,Chloe Floyd,qcosta@example.com,Marshallhaven,California,2025-03-11
183,Timothy Johnston,ericgibson@example.net,Wallsberg,Kansas,2025-07-04
184,Donald Jones,qmoreno@example.org,Charlesborough,Ohio,2026-06-10
185,Amber Doyle,ulogan@example.net,Christinafurt,Pennsylvania,2026-02-28
186,Adrian Nash,ewright@example.net,Mooreberg,Tennessee,2024-10-14
187,Michael Sharp,charles63@example.org,Holtfort,Minnesota,2026-01-31
188,Brian Gomez,dmiddleton@example.com,Tiffanyland,Texas,2025-01-07
189,Heather Smith,evelyn26@example.net,Lawrencehaven,Alabama,2025-09-29
190,Amanda Burnett,aaronburns@example.com,Marcville,Rhode Island,2025-04-13
191,Jennifer Collins,xroberson@example.net,Morganshire,Arizona,2026-01-27
192,Kelli White,heather98@example.com,Aprilshire,Kentucky,2026-03-05
193,Thomas Strickland,donna84@example.org,South Heather,Illinois,2025-06-30
194,Justin Williams Jr.,joseph61@example.com,East Phillip,Alaska,2025-01-07
195,Lisa Brewer,josephcollins@example.net,Jasonfort,Michigan,2026-04-27
196,Tina Dickerson,andrew62@example.net,Port Garrett,Alabama,2025-10-12
197,Sylvia Lopez,danielyoung@example.com,North Mauriceport,Nebraska,2026-07-25
198,Nicholas Hughes,njones@example.net,Port Lisa,Iowa,2024-08-30
199,Mark Hancock,bishopandrew@example.com,North Patrick,Delaware,2026-01-31
200,Jessica Watts,dmyers@example.net,New Christopher,New Mexico,2025-10-25
201,Sarah Brown DDS,elizabethbradley@example.com,New Jacqueline,Illinois,2026-01-26
202,Matthew Smith,melissashelton@example.com,Port Bobby,Virginia,2025-12-17
203,Jessica Adams,susan05@example.org,Rileyton,Mississippi,2024-10-08
204,Casey Garcia,kathy48@example.com,East Michaelshire,New York,2024-12-15
205,Carlos Snyder,elizabethedwards@example.net,South Craig,North Carolina,2024-09-10
206,Gregory Berger,michellehernandez@example.org,Holmeshaven,Vermont,2026-07-24
207,Amanda Raymond,penabenjamin@example.org,East Sonyaport,North Dakota,2025-08-17
208,Kelsey Leonard,kristymassey@example.com,South Robertahaven,New Mexico,2025-10-25
209,Jason Nguyen,kyledavies@example.net,Brandimouth,California,2025-06-28
210,Jeremy Bowers,lgeorge@example.org,North Shannon,North Dakota,2024-09-12
211,Alexander Thompson,michellepotts@example.com,Christopherhaven,Washington,2026-07-12
212,Mark Valdez,karastevenson@example.com,Brittanyton,New Jersey,2025-05-14
213,Michael Mullins,pmiller@example.com,Dixontown,California,2025-04-30
214,Olivia White,vbennett@example.com,Adamland,Oregon,2025-10-17
215,Juan Burton,galvanshane@example.com,West Michael,Missouri,2026-05-05
216,Samuel Weiss III,michaelschroeder@example.com,East Brandon,Georgia,2024-11-27
217,Michael Park,joseph45@example.org,Freemanport,Connecticut,2025-01-09
218,Jaime Wilson,juanburns@example.net,Austinstad,Montana,2026-01-15
219,Justin Barnett,livingstonevan@example.net,Markmouth,Washington,2025-03-17
220,Dawn Yang,stephenjones@example.org,Lake Taraside,Wyoming,2024-11-05
221,Peter Fleming,henryallen@example.net,New Deannaland,Missouri,2025-03-08
222,Jacob Rogers,vfischer@example.org,Alexanderville,Ohio,2026-05-23
223,Dr. Robin Hanson,billhill@example.org,West Angelafurt,Colorado,2026-03-08
224,Stephanie Gallagher,zrussell@example.com,Jonesmouth,Arkansas,2025-04-27
225,Rebecca Miller,dale00@example.net,West Patrick,Virginia,2025-08-14
226,Jason Mcguire,farrellwilliam@example.org,West Dennis,Idaho,2026-06-30
227,Erik Stewart,ycallahan@example.com,Port Jenniferberg,Georgia,2025-02-21
228,Scott Carey,barry99@example.org,North Kimberly,Illinois,2026-01-23
229,Natasha Miranda,qsmith@example.org,Martinstad,Kentucky,2026-03-15
230,Lauren Diaz,thill@example.org,Lake Amandafort,Rhode Island,2025-02-28
231,Sandra Morrison,brian92@example.net,Jamesbury,New York,2025-12-26
232,Charles Diaz,philiphamilton@example.net,Riverahaven,Tennessee,2024-10-09
233,Kim Foster,butlergregory@example.com,North Brianville,Idaho,2024-09-23
234,Natalie Hicks,kristen60@example.org,Port Melissaborough,Missouri,2024-11-02
235,Dawn Weeks,morannicole@example.net,Guerraborough,Utah,2026-03-01
236,Curtis Hernandez,greenanthony@example.org,New Paul,Montana,2024-12-19
237,Mary Long,mmcpherson@example.net,West Alexside,Wisconsin,2025-11-11
238,Micheal Newman,traceyherring@example.net,Fordmouth,New Mexico,2024-09-15
239,Tyler Pena,aaronpowell@example.net,Tracyfort,Delaware,2024-09-06
240,Anna Gross,saguilar@example.com,Lucasbury,New York,2025-07-22
241,Linda Simpson,anna74@example.net,Paynefurt,Oklahoma,2026-05-08
242,Kim Johnson,srobertson@example.com,Cobbburgh,Mississippi,2025-07-16
243,Antonio Waters,richardsronald@example.com,Stevenberg,South Dakota,2026-04-05
244,Mikayla Mccoy,belinda84@example.com,Contrerasborough,Massachusetts,2025-03-04
245,Patricia Clark,xzamora@example.net,Lake Sarah,New Mexico,2026-08-05
246,Elizabeth Park,wilsonmichael@example.org,New Matthewton,Indiana,2025-12-16
247,Mark Reid,millerchristopher@example.net,Lake Markshire,Kansas,2025-11-12
248,James Henderson,ashleybeard@example.com,Lake Williamton,North Carolina,2025-09-30
249,Rebecca Brown,sean99@example.net,Port Anne,Washington,2024-09-30
250,Christopher Weiss,sethreeves@example.net,Annstad,Alabama,2025-12-02
251,Mike Diaz,karen65@example.org,Roberthaven,Louisiana,2026-02-28
252,Alan Wise,elizabeth74@example.org,Olsonshire,Colorado,2025-11-12
253,Casey Bernard,james19@example.com,Frazierburgh,South Dakota,2025-12-14
254,Alexandra Figueroa,michaeledwards@example.com,South Brian,Vermont,2025-06-09
255,Heather Vazquez,maureen20@example.com,Monicamouth,Nebraska,2026-02-21
256,Tina Peters,velasquezjames@example.org,Raymondview,Ohio,2026-07-17
257,Debra Martin,jessesmith@example.net,Carterton,Kentucky,2025-06-27
258,Cory Foster,nsosa@example.org,Jenningston,Delaware,2026-08-22
259,Amy Pennington,jweeks@example.org,Gardnerborough,Mississippi,2026-01-24
260,Janet Booth,erintorres@example.net,Catherineside,Rhode Island,2024-09-24
261,Ronald Harper,amejia@example.org,Port Michelleview,Georgia,2026-04-22
262,Manuel Horton,jeffrey27@example.net,New Cheryl,Connecticut,2026-06-11
263,Teresa Johnson,brianblack@example.com,Robertborough,Illinois,2025-09-30
264,Sean Davis,imartin@example.net,Robertsfort,Alaska,2024-11-22
265,Keith Reed,robinsonbeverly@example.com,East Melaniefurt,Colorado,2025-04-07
266,Mr. James Cline MD,willisjustin@example.org,Watkinsmouth,California,2025-08-13
267,Corey Berry,browneric@example.net,North Kristieton,Iowa,2026-02-08
268,Christopher Love,lewisdouglas@example.com,Port Veronicashire,Connecticut,2025-01-03
269,Renee Schroeder,kiara11@example.com,West Kimberly,South Carolina,2025-10-20
270,Ryan Doyle,lisa02@example.net,East Christopherside,Massachusetts,2026-06-21
271,Ashley Gomez,brenthancock@example.net,Rothport,Rhode Island,2025-11-10
272,Justin Andrews,rayamanda@example.org,Gonzalezmouth,Alaska,2026-02-10
273,Kari Owens,joseprice@example.com,West Andrew,New Hampshire,2025-05-29
274,Shelby Dyer,brianfinley@example.com,North Kristinefurt,Michigan,2026-02-22
275,Joshua Duarte,ladkins@example.net,Lake Jessica,California,2024-10-28
276,Christopher Clayton,evanlewis@example.org,Daughertymouth,Louisiana,2025-05-24
277,Hannah Friedman,joshua94@example.com,North Gabriel,Mississippi,2026-08-13
278,Anthony Ramirez,stephaniesmith@example.net,Henrymouth,Rhode Island,2026-06-19
279,Allen Morris,carolrivers@example.org,Carolynburgh,New Mexico,2026-04-05
280,William Bailey,taylorkevin@example.com,West Katherineside,Vermont,2025-02-03
281,Devon Hernandez,josephgarrison@example.net,Rhodesview,Illinois,2024-10-04
282,Lisa Hale,regina82@example.com,Pattersonburgh,Florida,2026-04-06
283,Brianna Mcbride,ricedaniel@example.org,Curtisburgh,Indiana,2025-07-17
284,Robin Fletcher,howelljames@example.org,New Lynn,Indiana,2025-12-27
285,Melissa Soto,stevenskevin@example.com,Kyleton,Maine,2026-03-31
286,Jeff Murray,maddenandrew@example.org,South Michaelview,Florida,2026-08-01
287,Alexander Clark,eugene72@example.org,West Mackenzie,Montana,2026-01-03
288,Deborah Price,greercharles@example.net,Smithshire,Vermont,2026-06-06
289,Vicki Vargas,mknight@example.org,South Janet,Delaware,2026-07-04
290,Evan Evans,phillipsjennifer@example.com,Lake Lindamouth,Vermont,2024-09-07
291,David Franklin,christine26@example.net,North Danielville,Kentucky,2024-10-03
292,Kevin Huynh,bmiller@example.org,Lake Barbara,New Jersey,2025-07-22
293,Krystal Martin,arobinson@example.net,South Veronicaburgh,New Mexico,2026-04-16
294,John Ortiz,warneralan@example.net,East Michaelchester,California,2026-01-15
295,Samantha King,ewilson@example.net,Carolyntown,Michigan,2025-03-13
296,Steven Meyer,rogerscheryl@example.com,West Brianborough,Louisiana,2024-12-31
297,James Walsh,jessica76@example.net,Paulaside,Georgia,2025-12-29
298,Kristin Rivera,jeffreysmith@example.org,New Elizabethshire,New Jersey,2024-11-03
299,Debra Marshall,lindabrown@example.net,Fleminghaven,Alaska,2024-09-12
300,Stephen Herrera,michaelhenderson@example.org,North Lisa,Alabama,2025-09-17
301,Mindy Baldwin,dflores@example.com,South Jennifer,Montana,2024-12-19
302,Tiffany Harris,christensenjuan@example.org,Reyesbury,Florida,2025-12-22
303,Bradley Smith,amymurphy@example.com,North Andrewburgh,Idaho,2025-06-30
304,Jason Walker,campbelljeremy@example.org,East Danielport,New Jersey,2026-08-04
305,Donna Walker,carol36@example.net,New Megan,Oklahoma,2025-09-01
306,Carrie Blanchard,lreed@example.org,North Heatherchester,Mississippi,2026-01-04
307,Renee White,bettydrake@example.com,East Michaelville,Idaho,2024-11-08
308,April Garcia,melissa25@example.com,Amandafurt,North Dakota,2026-07-21
309,Steven Carrillo,michaelshaw@example.org,Sharonton,Oklahoma,2025-11-27
310,Jacob Harris,terrencebrock@example.com,New Sylviaview,Wyoming,2025-06-17
311,Kimberly Rich,candice90@example.org,Lake Lori,Idaho,2026-01-09
312,James Morgan,daniel66@example.net,Port Joeside,Louisiana,2025-06-13
313,Bryan Brown,elizabethsmith@example.org,Nicoleberg,Oklahoma,2026-02-22
314,Gabriella Campbell,melanie04@example.org,Davidtown,Nevada,2026-01-03
315,Erika Morrow,whitesteven@example.net,Port Dakota,Oregon,2025-06-30
316,Felicia Michael,loribeck@example.org,New Maria,Maryland,2024-11-20
317,Jeffery Schwartz,ashley70@example.com,Lopezburgh,New Mexico,2024-10-15
318,Gregory Mcguire,michelle38@example.org,Lake Margaretmouth,Massachusetts,2025-08-11
319,Allison Wolfe,jennifer41@example.com,South Paigeside,Washington,2026-03-03
320,Mrs. Danielle Jarvis,mrodriguez@example.com,Charlesburgh,Delaware,2026-05-02
321,Mary Carney,carpenterstephanie@example.net,North Kellyshire,Tennessee,2025-11-25
322,Barbara Richardson,eferrell@example.org,Rangelport,South Dakota,2026-08-15
323,Sarah Kim,qcopeland@example.net,Amandaville,Florida,2026-05-14
324,Judith Vega,ngreen@example.net,Crystalport,Missouri,2024-12-26
325,Devon Watkins,bedwards@example.net,South Kristin,Hawaii,2024-12-23
326,Jacqueline Williams,bphillips@example.com,East Wanda,South Dakota,2026-06-05
327,Jennifer Duncan,justincunningham@example.org,North Sherimouth,New York,2025-06-03
328,Robert Weiss,rwood@example.net,Perezfort,Illinois,2025-12-03
329,Ashley Gutierrez,keithduncan@example.org,West Michael,Nevada,2026-03-23
330,Seth Conner,michelejackson@example.net,North Samantha,Pennsylvania,2025-11-30
331,Steven Johnson,jimellis@example.org,Phillipsmouth,Nebraska,2024-12-02
332,Madison Clay,gabrielhudson@example.com,Dicksonhaven,Arizona,2025-02-11
333,Jennifer Juarez,gabriellehayes@example.org,West Kimberly,Maryland,2026-02-12
334,Amanda Martinez,josethomas@example.org,Murraymouth,Nevada,2025-07-19
335,Terry Williams DDS,sarah35@example.com,West Angela,Washington,2026-06-20
336,Lisa Harper,amandaking@example.org,Markshire,Arkansas,2025-11-22
337,Tiffany Hernandez,epoole@example.net,West Henry,New York,2026-03-15
338,Warren Herring,normanapril@example.net,Russellshire,Alabama,2024-11-22
339,Joseph Snyder,michaelmorales@example.org,Shawnberg,New Jersey,2025-09-09
340,Michael Burke,brandon63@example.net,Michaelfurt,Idaho,2026-02-25
341,Jacob Stout,andreaelliott@example.com,Jacquelinehaven,Massachusetts,2025-05-16
342,Karen Mccarthy,moralesrenee@example.org,Port Kellyport,Minnesota,2025-04-07
343,Alice Allen,wendydavis@example.net,West Michael,Michigan,2025-01-11
344,Tammie Wheeler,charlesbaker@example.com,Port Christopher,Georgia,2025-01-31
345,Gina Smith,griffinroger@example.com,West Rebeccafurt,Louisiana,2026-04-10
346,Jacqueline Patterson,dunnaustin@example.com,Wilkersonbury,Utah,2025-12-22
347,Teresa Atkinson,tannerharris@example.org,Alexistown,Arizona,2026-08-09
348,Brandi Meadows,westkyle@example.net,Lake Patrickfort,Michigan,2025-01-13
349,Samantha Klein,ikelly@example.org,Lake Seantown,Louisiana,2026-03-25
350,Debra Mcgee,williamsallison@example.com,East Jason,West Virginia,2025-05-28
351,Joshua Duke,melissabyrd@example.com,West Marioport,Kansas,2025-10-26
352,Paula Reeves,vbennett@example.net,East Jeffreyfort,Michigan,2026-08-14
353,Chase Ritter,gibsonjennifer@example.net,Deannaville,Montana,2025-09-15
354,Jennifer Cunningham,wsummers@example.org,Gutierrezhaven,Georgia,2026-06-27
355,Sherry Anderson,dholmes@example.com,Maryburgh,South Dakota,2025-02-25
356,Brad Evans,eric86@example.net,Taylorville,Kentucky,2024-12-28
357,Nicholas Duarte,thomas57@example.org,Port Oliviaburgh,Illinois,2025-07-28
358,John Spencer,colleen09@example.net,Holderview,Washington,2025-10-28
359,Tracy Hughes,stephaniehayes@example.com,Glovermouth,New Mexico,2026-04-26
360,Tracey Mcguire,ibanks@example.org,Port Brian,North Carolina,2025-08-12
361,Kristin Huerta,jameschapman@example.org,North Lindabury,Maine,2025-07-15
362,Thomas Harris,zmcbride@example.org,Port Tracy,Hawaii,2024-09-12
363,David Mitchell,mooredanielle@example.com,Melissaport,Hawaii,2025-08-28
364,Richard Nguyen,mackjoe@example.com,Fieldsville,New York,2025-12-01
365,Claire Silva,skinnerchristina@example.net,Coxchester,Missouri,2025-07-05
366,Jennifer Nguyen,sarahwiggins@example.org,Ashleyberg,Arizona,2025-06-09
367,Jasmine Smith,vgardner@example.org,New Kimside,Ohio,2025-10-19
368,Jill Bird,carol59@example.org,Port Katherineport,Michigan,2025-12-05
369,Jeremy Edwards,christopherrosales@example.org,Williamston,Connecticut,2025-05-04
370,Andrew Banks DDS,jessica48@example.org,South Rossshire,Delaware,2024-10-07
371,Scott Barber,acook@example.net,Stevenbury,Rhode Island,2026-07-27
372,Pamela Chambers,ramosadrienne@example.net,Lake David,Idaho,2025-03-01
373,Manuel Brewer,hsantos@example.net,South Madisonland,Texas,2026-06-27
374,Jill Wilson,khawkins@example.com,New Kristophershire,Georgia,2025-11-17
375,Kevin Padilla,bishoprebecca@example.net,Princehaven,Alabama,2024-09-06
376,Amy Flores,peter20@example.net,West Jonathan,California,2025-02-22
377,Taylor Walker,asalinas@example.net,Lake Devin,New Mexico,2025-06-05
378,Michele Clark,lindawilliamson@example.net,West John,North Carolina,2026-08-13
379,Tammy Baker,collinsmark@example.org,Lake Meaganshire,Idaho,2025-01-30
380,Bobby Atkinson,cwatson@example.org,Nathanshire,Indiana,2024-12-16
381,Laura Hammond,tharvey@example.com,Kimberlyland,Illinois,2025-01-15
382,Cody Barrera,hilljose@example.com,Geraldhaven,Washington,2025-11-22
383,Mary Hamilton,hallchristian@example.net,Noahshire,Rhode Island,2026-01-29
384,Sergio Jimenez,rgates@example.com,Hobbsshire,Delaware,2024-11-21
385,Steven Coleman,clarkian@example.net,Jamiefurt,Idaho,2025-09-11
386,Jeremiah Walker,aandrews@example.org,Christineberg,Indiana,2025-12-16
387,Olivia Chavez,jared95@example.org,Bridgesville,New York,2025-10-22
388,Gary Gibson,larsonnicolas@example.org,Harrismouth,Florida,2026-04-01
389,Ashley Torres,marie02@example.com,Christinemouth,Florida,2026-05-08
390,Jill Henderson,richardgray@example.com,Elizabethview,New Mexico,2026-02-09
391,Jake Brown,vanessa71@example.org,West Veronica,Utah,2026-03-18
392,Jessica Fuller,stacyking@example.net,Millsshire,North Carolina,2024-12-08
393,Patrick Paul,gutierrezfaith@example.org,Port Robertberg,Minnesota,2024-10-21
394,Molly Collins,williamsmakayla@example.net,Moonfurt,Alabama,2025-12-27
395,Patricia Collins,steven03@example.com,Port Joshuaside,Rhode Island,2025-08-27
396,Mark Bright,alexiswiggins@example.org,South Daniel,Missouri,2024-11-13
397,Joseph Houston,ballen@example.org,Port Angelachester,Virginia,2025-02-04
398,Elizabeth Gutierrez,kimberlyhunt@example.com,Nicolebury,Vermont,2024-12-16
399,Anthony Stein,dawncarter@example.net,Mckeeberg,Hawaii,2026-08-13
400,Carmen Callahan,lucasrobinson@example.net,South Rebeccaport,Arizona,2025-03-09
401,Mark Fitzpatrick,kimberly80@example.org,Morganbury,West Virginia,2025-02-25
402,Amanda Alexander,nnguyen@example.org,West Sierrachester,Kansas,2024-09-22
403,Tanya Mclaughlin,danawillis@example.net,North Jasmineburgh,Vermont,2026-06-14
404,Janet Maynard,pattersoncalvin@example.com,Novakside,Colorado,2024-08-29
405,Michael Reyes,moralesdiane@example.org,Michaelchester,Pennsylvania,2026-03-01
406,Sheila Carroll,steven22@example.org,Steveville,Illinois,2025-07-15
407,Alicia Gay,zachary43@example.org,Ashleyfurt,Rhode Island,2025-08-21
408,Roger Black,brownrodney@example.com,Scottport,Texas,2025-07-02
409,Daniel Reeves,johnsonchristopher@example.org,Barbaramouth,Minnesota,2026-01-31
410,Christine Edwards,eevans@example.net,Aliciaberg,Oregon,2024-11-10
411,William Nicholson,jeffery62@example.com,Leonardfurt,Massachusetts,2026-04-19
412,Joyce Jones,rebecca44@example.net,Lake Sarah,Missouri,2025-08-01
413,Crystal House,rhayden@example.com,Lake Nataliechester,New York,2025-11-30
414,Rachel Hill,drewrichards@example.com,South Kimberly,Ohio,2025-08-26
415,Brandon Wilson,joshuatownsend@example.net,Mikeport,Illinois,2026-02-13
416,Nicole Contreras,kathy92@example.net,Port Cameron,Wyoming,2025-02-16
417,Derrick Campbell,melendezwilliam@example.com,West Karenshire,New York,2025-12-19
418,Jonathan Anderson,bthomas@example.com,Lake Katherine,California,2025-09-01
419,Elizabeth Morrison,wrightryan@example.net,South Billy,Vermont,2024-11-21
420,Rachel Hendricks,yparker@example.com,Oliviastad,West Virginia,2026-05-09
421,Phillip Hughes,andrew76@example.com,Rebeccahaven,Alabama,2026-01-15
422,Harold Hall,edwardsmark@example.com,Schneiderberg,New Mexico,2026-06-14
423,Amanda White,riddlerobert@example.org,West William,Massachusetts,2025-07-25
424,Gregory Coleman,martinezcaitlyn@example.com,Port Kevintown,Maryland,2026-05-17
425,Tara Carroll,kmora@example.org,West Jameshaven,Utah,2025-06-28
426,Marc Sexton,rebeccagriffin@example.org,New Melissa,Virginia,2025-10-25
427,Ricky Johnson,ahamilton@example.net,Gonzalesside,Utah,2025-02-03
428,Jeff Lane,annemiller@example.org,Lake Deniseview,Washington,2025-04-19
429,Anthony Evans,hstewart@example.com,Lake Amanda,Louisiana,2024-11-12
430,Amber Vang,johnnyshields@example.org,East Jamiefurt,Maine,2024-09-28
431,Andrea Mckinney,browntyler@example.org,West Antonioland,Nevada,2026-07-31
432,Angela Smith,anewton@example.org,Angelaport,New York,2025-11-02
433,Stephanie Lopez,daniel69@example.org,Lake Jamie,North Carolina,2026-03-29
434,Brandon Boyle,shieldsrobert@example.org,New Suzannemouth,Maryland,2024-10-23
435,Matthew Beard,dwilliams@example.com,Morenomouth,Maryland,2025-01-27
436,Kelly Montes,jacobsrebecca@example.org,Dianeville,Iowa,2025-02-23
437,Tara Wilson MD,sarah07@example.net,West Anna,Delaware,2024-12-18
438,Chelsea Watson MD,barbaramendez@example.net,New Harry,Virginia,2024-12-06
439,Cynthia Rodriguez,huberdanielle@example.com,Loveport,Idaho,2026-04-03
440,Russell Jones,smithjavier@example.org,East Courtneyside,Illinois,2024-09-25
441,Deborah Donovan,christopherkennedy@example.net,Jenniferburgh,Alabama,2026-02-14
442,Melissa Escobar,woodsbrenda@example.org,East Sean,Illinois,2026-03-30
443,Kevin Olson,curtis62@example.net,Michaelstad,South Dakota,2025-07-13
444,Janice Vega,brandon25@example.net,Martinside,Rhode Island,2026-01-19
445,Danielle Koch,jamesjames@example.net,Brendabury,Florida,2025-08-07
446,Carlos Ray,zwhite@example.net,Port Hannahfort,Utah,2024-10-27
447,Erika Lopez,scottwarren@example.org,Zamoraland,Ohio,2025-03-16
448,Melinda Lambert,shirleyhernandez@example.org,North Sharon,Vermont,2025-04-08
449,Arthur Petty,robin14@example.org,North Kelly,Massachusetts,2025-06-27
450,Gary Nichols,stephen67@example.org,Keithhaven,New Mexico,2026-02-10
451,Russell Cardenas,chris12@example.org,Tarabury,Tennessee,2024-10-25
452,David Webb,tonyjordan@example.org,Victorport,Tennessee,2024-09-13
453,Sandra Carney,emiller@example.com,Port Kellyshire,Maryland,2025-07-30
454,Shannon Miller,hschultz@example.org,New Katrinastad,Virginia,2024-12-07
455,Breanna Turner,jamesmayer@example.net,Elizabethville,New Jersey,2026-03-02
456,Julie Wilson,mhutchinson@example.org,Martineztown,West Virginia,2024-11-29
457,David Beck,penavictor@example.org,Brittanyhaven,Rhode Island,2025-06-23
458,Alexander Wilson,kaufmansean@example.com,Markland,Idaho,2026-07-02
459,Nathan Hudson,amclaughlin@example.org,South Craig,Delaware,2025-07-18
460,Karen Martin,ambergibson@example.org,Jasmineside,Nevada,2024-08-30
461,Karen Webb,christopher74@example.org,Port Heidi,Alabama,2025-07-22
462,Jennifer Craig,zfitzpatrick@example.net,Williamsside,Michigan,2026-07-02
463,Cassandra Ward,jeffreynichols@example.org,North James,New Jersey,2024-10-13
464,Susan Thompson,lawrenceemma@example.com,Kristenstad,Tennessee,2025-09-30
465,Curtis Edwards,phall@example.net,Angelafort,South Dakota,2025-08-22
466,Mary Stewart,nicholasgreen@example.com,North Jennifer,Washington,2026-01-18
467,Adam Smith,kennethhenderson@example.org,East Michaeltown,Washington,2025-11-24
468,Donald Henderson,frankhughes@example.net,South Rachel,Maryland,2025-05-31
469,Mr. Steven Harrison,kmiles@example.org,North Evelynside,Nebraska,2026-01-17
470,Charles Ferguson,josephorozco@example.org,New Michaelchester,New Jersey,2026-03-18
471,Matthew Torres,parkernichole@example.net,West Sharonshire,Tennessee,2026-07-19
472,Joseph Lawson,olsonroberta@example.org,Ballport,Delaware,2025-06-01
473,Morgan Rodriguez,adixon@example.org,Josefurt,North Carolina,2025-09-26
474,Jacob Simmons,phillipsnicole@example.net,New Christinaburgh,Alabama,2025-09-29
475,Jessica Martin,bryan38@example.org,Emilybury,Nevada,2026-07-17
476,Patrick Lambert,fjohnson@example.com,East Douglasberg,Indiana,2025-03-03
477,Louis Harvey,amberthompson@example.com,Christopherside,North Dakota,2025-08-20
478,Joshua Callahan,nathanjones@example.net,Anthonyside,Texas,2025-04-05
479,Deborah Pollard,jennifer69@example.org,East Philiphaven,South Dakota,2024-11-12
480,Susan Cox,jesus36@example.com,South Lisa,South Dakota,2026-04-06
481,Jessica Burnett,williamsruth@example.net,South Gregory,Kentucky,2026-07-02
482,Erin Stuart,ashley51@example.com,Port Tonyachester,Pennsylvania,2026-06-20
483,Travis Michael,peter00@example.net,East Brian,Minnesota,2025-07-19
484,Cassandra Williams,xsmith@example.org,North Rickyport,Wyoming,2025-10-05
485,Mrs. Joan Hall,gjacobs@example.net,North Jeff,New Jersey,2024-12-06
486,Jose Robinson,lisaoconnor@example.org,Jimmyton,Virginia,2026-06-03
487,Daniel Roberson DVM,nicholas69@example.net,Lake Kevinstad,Texas,2025-04-26
488,Michael Lawrence,markslisa@example.net,East Saraburgh,Arkansas,2026-04-03
489,Carol Perry,pearsonlawrence@example.net,South Jessicaview,Nebraska,2025-01-07
490,Brianna Benson,rodgerssean@example.net,South Ryanchester,Louisiana,2026-02-27
491,Duane Austin,normanjohn@example.com,Douglastown,Texas,2025-07-21
492,Janet Ayala,jterry@example.net,Dominiquefort,New York,2024-10-26
493,Anthony Ramirez,coreyzhang@example.org,Michaelville,Tennessee,2024-10-24
494,Kristine Roach,morgankathleen@example.com,East Alison,North Dakota,2026-08-14
495,Timothy Brown,dominguezmichael@example.net,West Annaborough,New Mexico,2025-08-05
496,Jessica Sanders,washingtonjoshua@example.com,New Davidview,Louisiana,2025-02-19
497,Bryan Taylor,janetsanford@example.org,Morganville,Louisiana,2026-04-21
498,Tara Robbins,farmernicholas@example.org,Danielborough,West Virginia,2026-02-07
499,Chelsea Chavez,tamara62@example.net,Danielburgh,Kentucky,2026-06-04
500,Malik Bradford,austinbennett@example.net,Frankport,Delaware,2026-07-16
501,John Holland,akeller@example.org,Aprilchester,Alaska,2025-12-21
502,William Williams Jr.,rogersnicholas@example.net,Williamsfurt,Iowa,2024-11-07
503,Misty Thompson,zalvarez@example.net,Lake Janicehaven,Arizona,2026-05-07
504,Tammy Baker,joshuamorgan@example.com,Huntside,Hawaii,2024-11-09
505,Dennis Wilkins,alexandra89@example.com,South Desireefurt,Utah,2025-07-18
506,Karen Smith,osbornandrea@example.org,North Michaelview,Kansas,2024-10-24
507,Ann Perry,margaret73@example.org,Singletonfort,Arkansas,2025-10-20
508,Bradley Harrison,qbrown@example.net,Mariamouth,Virginia,2025-08-15
509,Alexandra Martinez,jbennett@example.com,Johnstonshire,Nebraska,2025-09-22
510,Carrie Rose,vholmes@example.net,South Leonard,Kentucky,2025-06-29
511,John Best,stephaniejordan@example.org,Johnmouth,Massachusetts,2025-04-01
512,Jennifer Scott,manuelbrown@example.net,North Jerry,Indiana,2025-07-10
513,Dr. Travis Wright,jmassey@example.net,West Karenhaven,South Dakota,2025-04-08
514,Brandy Chavez,heatheranderson@example.com,Christychester,Alaska,2026-08-14
515,Alexis Owens,mckenzietiffany@example.com,Graceshire,California,2026-05-30
516,Jacob Sanders,nwaters@example.net,North Rebecca,Connecticut,2025-05-11
517,Janet Huang,josephjones@example.org,Brandonview,Colorado,2024-10-31
518,Veronica Richardson,yvonne87@example.net,Esparzatown,Tennessee,2025-05-01
519,Cody Conner,daviskimberly@example.net,West Kevinside,Rhode Island,2025-08-28
520,Casey Anderson,avilabrenda@example.com,Carneystad,West Virginia,2025-12-21
521,Robert Allen,gcain@example.org,Elizabethberg,Pennsylvania,2025-01-13
522,John Washington,oortega@example.net,New Lori,Iowa,2025-12-29
523,Chloe Berger,kimberlyhawkins@example.com,Katherinestad,New Mexico,2024-08-24
524,Megan Castro,sarahjames@example.com,Aprilton,Louisiana,2025-10-22
525,Kathryn Kennedy,cathygould@example.net,North Joseph,Nebraska,2025-04-03
526,John Hicks,frenchdiana@example.com,West Laurastad,Hawaii,2026-04-05
527,Ashley Hawkins,ystone@example.com,New Benjamin,Iowa,2026-03-19
528,Dustin Stafford,nicholasperez@example.org,Port Vanessa,Connecticut,2025-04-11
529,Edward Dean,xschneider@example.org,Lake Joshua,South Carolina,2026-06-29
530,John Graham,floresemily@example.net,Mcgeeburgh,Iowa,2026-07-16
531,Andrew Blackburn,lisa45@example.org,Bradleyland,South Carolina,2025-06-11
532,Nichole Mitchell,travis84@example.com,New Tiffany,New Hampshire,2026-05-06
533,Darrell Huffman,charlessmith@example.com,South Tanya,North Carolina,2025-01-31
534,Amber Stewart,haynesanita@example.com,Greenburgh,Hawaii,2026-06-09
535,Jimmy Mccormick,blakeclark@example.com,West Aaronfurt,New Jersey,2026-07-02
536,Daniel Frost,gardnermary@example.net,Mcintoshville,Ohio,2025-12-16
537,Courtney Burns,npittman@example.org,Kellyfurt,Minnesota,2024-12-21
538,Patricia Salas,caitlin09@example.com,Michaelbury,New Mexico,2024-12-17
539,James Brown,moodymaria@example.org,South Lindaburgh,Mississippi,2024-11-30
540,Wendy Wagner,tammygreen@example.org,East Aprilstad,Illinois,2024-11-10
541,Richard Foster,parkerbrett@example.org,West Theresahaven,South Carolina,2025-01-14
542,Shirley Kramer,hhenderson@example.net,Amberfurt,Kansas,2025-05-26
543,Benjamin Green,edward04@example.com,East Jean,California,2026-05-18
544,Melanie Mitchell,bethany87@example.com,Jenniferchester,New Hampshire,2025-11-06
545,Elizabeth Lowery,anthonywhite@example.org,New Amber,New York,2025-12-27
546,Nicholas Lyons,walshjay@example.org,New Kathleenland,Oklahoma,2026-01-29
547,Joshua Tucker,fostermark@example.net,Lake Erinmouth,Kansas,2025-02-25
548,Gabrielle Harding,jessica95@example.com,New Kellyshire,Hawaii,2025-09-23
549,David Harris,cheyenne08@example.com,New Jon,Georgia,2026-06-02
550,Deanna Richmond,robert22@example.org,Lake Ashley,West Virginia,2025-08-15
551,Alicia Morrow,kellywilkinson@example.com,Dustinville,Rhode Island,2025-04-23
552,Debra Carpenter,vgarcia@example.net,West Kimberly,North Carolina,2025-05-25
553,Melissa Johnson,mary90@example.org,West Michaelburgh,Maine,2025-07-13
554,Kyle Mccoy,matthew88@example.net,Lake Kylefurt,New Hampshire,2025-02-06
555,Brandi Mcclure,anthonybaird@example.com,Troyside,Missouri,2026-03-24
556,Miss Alyssa Burke MD,joseph73@example.com,Erinfurt,Vermont,2025-10-13
557,Phillip Martin,stewarthenry@example.org,Maryfurt,Nebraska,2026-02-27
558,Margaret Brennan,allenkatie@example.net,Port Mikaylaborough,New Mexico,2024-11-22
559,Samantha Campbell,samantha10@example.com,Lake Tracy,South Carolina,2025-03-18
560,Molly Duncan,brittneyjones@example.net,North Robertahaven,Michigan,2026-08-09
561,Michelle Williamson,vwallace@example.org,Rangelfurt,Indiana,2026-05-05
562,Rebecca York,sararobinson@example.com,South Jesusland,Florida,2025-06-19
563,Joel Dudley,laurenmason@example.org,Williamsfort,Maryland,2025-11-03
564,Dr. Kristen Moore,calebestrada@example.net,Petersonstad,Montana,2025-09-18
565,Melinda Alvarez,kathryn03@example.net,East Patricia,Vermont,2026-02-23
566,Danielle Castro,nguyennicole@example.org,Lake Alexandra,Kansas,2026-06-03
567,Tiffany Deleon,megan89@example.net,South Suzanne,Louisiana,2025-04-17
568,Troy Dunn,christine77@example.org,East Kristinabury,Nevada,2025-12-17
569,Yvonne Johnson,wileykaren@example.com,Port Kayla,New York,2025-10-29
570,Ronald Martin,sandrahall@example.net,North Daniel,Georgia,2025-04-05
571,Hector Martin,fosterdebra@example.org,South Patrickbury,New Jersey,2024-09-02
572,Chad Arnold,pspence@example.org,West Erinland,Louisiana,2025-05-15
573,Scott Phillips,moorecharles@example.net,Riceview,Nevada,2025-02-18
574,James Gaines,maria58@example.net,West Brandon,Utah,2026-04-07
575,Kristen Long,kmiller@example.net,South Oliviamouth,New York,2024-12-28
576,Andrew Sanders,bjames@example.com,New Ashleyberg,Vermont,2024-08-26
577,Joseph Morgan,portermichael@example.net,Cooperberg,Maryland,2026-01-12
578,Brian Davidson,jcarroll@example.net,North Julianstad,Vermont,2024-12-19
579,Fernando Wilkerson,lreed@example.net,Port Johnton,Idaho,2025-07-31
580,April Brown,lisa59@example.com,North Mariachester,Kentucky,2025-05-24
581,Evan Robinson,katherine41@example.org,West Robert,Kansas,2024-09-20
582,Paul Mccormick,chase28@example.net,Michellefort,Alaska,2025-04-15
583,Linda Rodriguez,williamsmegan@example.org,Nelsonberg,Montana,2026-05-01
584,Ashley Gill,mary88@example.net,Lake Jenniferport,New Jersey,2025-09-21
585,Sarah Middleton,sarah08@example.net,New Deniseview,Kansas,2025-08-18
586,Sara Thornton,matthewhall@example.net,Kerrburgh,West Virginia,2025-06-30
587,Richard Davis,rhonda48@example.com,Port Nancyfurt,New Mexico,2026-08-13
588,Barbara Jones,christopheredwards@example.net,Andersonton,Delaware,2025-07-31
589,Joseph Merritt,thomasjessica@example.com,Lake Sarahbury,Indiana,2026-02-25
590,Elizabeth Fisher,williamhess@example.net,Chenburgh,Louisiana,2025-07-02
591,Kimberly Blackwell,michael88@example.com,Franklinport,New York,2025-03-09
592,Kristen Le,mgonzalez@example.org,Martinezstad,Missouri,2026-02-28
593,Kelly Jones,rebeccamiller@example.net,Lake Tyler,Connecticut,2024-10-01
594,Johnny Hall,ramirezbonnie@example.net,Lake Danieltown,Connecticut,2026-06-23
595,John Smith,kaylabarrett@example.com,South Lynnstad,Montana,2024-10-07
596,Sara Jackson,jacob25@example.com,Wardland,Colorado,2026-07-12
597,Brian Dickson,susan71@example.com,Matthewfurt,Maine,2026-05-17
598,Kenneth Brooks,gabriellamolina@example.org,Port Daniel,North Dakota,2025-02-13
599,Gabriel Johnson,jasmine37@example.net,Staceyshire,Tennessee,2026-03-15
600,Ryan Powers,robert13@example.com,North Matthew,Alaska,2025-07-22
601,Ryan Weiss,nicholas87@example.net,Brandonview,Florida,2026-01-02
602,Joel Reynolds,michele07@example.net,North Jeffreyburgh,Alabama,2026-03-25
603,John Johnson,anthony26@example.com,South Troymouth,Ohio,2025-07-20
604,Adam Clark,fvalencia@example.net,East Preston,Virginia,2024-09-25
605,Claire Jimenez,waguirre@example.com,Johnville,Oregon,2026-03-12
606,Daniel Gonzalez,riverakatherine@example.org,South Melaniefurt,Minnesota,2025-06-12
607,Robert Stark,sean70@example.org,Richardsonland,Illinois,2026-02-22
608,Erin Evans,brittanysimmons@example.net,Camposchester,Vermont,2024-11-25
609,Joseph Smith,melissa22@example.net,North Emily,West Virginia,2024-10-11
610,Barbara Rogers,brandon54@example.net,Theresamouth,Louisiana,2025-08-21
611,Alicia Anderson,bbeck@example.org,East Sheila,Kansas,2025-12-12
612,Dana Wilkinson,zsanchez@example.org,Joshuastad,Massachusetts,2025-04-01
613,Brendan Coleman,michaelfranco@example.com,Hermanburgh,Pennsylvania,2026-02-07
614,Shannon Mason,longnicholas@example.org,Brucemouth,Alaska,2024-12-05
615,Ms. Jessica Barajas MD,howelltyler@example.com,Rachelville,Oregon,2024-10-21
616,Anna Potter PhD,kimberly04@example.com,South Darinfort,Delaware,2026-05-28
617,Andrew Booth,davenportwalter@example.com,West Christina,New Hampshire,2025-05-30
618,Katie Washington,fletcherbrandy@example.com,Huynhborough,Wisconsin,2025-07-17
619,Justin Lyons,cassidylopez@example.com,Mitchellshire,Missouri,2025-11-01
620,Kristi Nguyen,heather11@example.net,Gregoryview,Alabama,2025-03-04
621,Bethany Jones,lopezthomas@example.net,West Nathan,Missouri,2025-02-18
622,Claudia Bonilla,richjames@example.org,Shawnburgh,Iowa,2026-01-30
623,Rebecca Walsh,thomas60@example.org,Robertberg,Kentucky,2025-01-29
624,Julia Morales,robertdavis@example.org,Whitefurt,Kansas,2024-10-15
625,Benjamin Francis,quinntodd@example.com,Langburgh,Indiana,2026-05-26
626,Robert West,pfox@example.net,Vasquezport,Tennessee,2026-03-17
627,Evelyn Brown,thomas90@example.com,Kristiechester,Missouri,2025-05-21
628,Matthew Kramer,perryjoseph@example.com,West Megan,Washington,2025-01-22
629,Brianna Charles,emmasanchez@example.org,North Christophermouth,Minnesota,2025-06-01
630,Mary Ritter,dreynolds@example.com,Kennethbury,Georgia,2024-09-27
631,Dr. Amanda White,nelsondaniel@example.net,West Megan,Oklahoma,2024-11-13
632,Jeanne Taylor,brucedavis@example.com,Lake Morganport,Florida,2025-08-18
633,Veronica Smith,zacharypalmer@example.com,South Markhaven,Connecticut,2024-10-25
634,Matthew Brown,dominique16@example.net,Lake Ryantown,New York,2026-08-07
635,Tara Harrington,bhumphrey@example.com,West John,Washington,2026-07-28
636,Traci Villarreal,jacksonstephen@example.com,New Paulaville,Wyoming,2025-12-11
637,Brandon Austin,christopher35@example.org,South Angelamouth,Maine,2025-04-02
638,Daniel Dunn,alejandrowhite@example.com,Lake Tanya,Missouri,2026-03-07
639,Susan Knight,brandon68@example.net,East Brittney,South Carolina,2026-07-08
640,Joyce Hayes,robinsonmary@example.com,Port Kristenburgh,California,2026-07-06
641,Andre Evans,deantiffany@example.org,Wallsmouth,Maine,2025-10-31
642,Andrew Park,matthewsjohn@example.net,East Timothyfort,Georgia,2025-08-11
643,Ryan Jordan,khumphrey@example.com,Perrychester,New Mexico,2025-08-17
644,Donald Mcdaniel,dennis12@example.com,New James,Nevada,2024-09-04
645,Nicholas Potts,julianorozco@example.net,East Frank,Wisconsin,2024-09-20
646,Michael Walker,christinastevens@example.com,Davidburgh,Maine,2025-08-17
647,Angela Price,bmorgan@example.com,Lake Francisco,Illinois,2025-07-31
648,Robert Forbes,ycollier@example.net,Karlland,Colorado,2025-10-16
649,Terri Clayton,jesse67@example.org,East Lisafort,Alaska,2026-03-29
650,Dean Hernandez,hannah87@example.net,New Peggy,Idaho,2024-09-19
651,Brittany Blair,gary24@example.org,Lake Shaneberg,Arizona,2024-08-30
652,Colton Davis,james29@example.com,Rebeccastad,South Dakota,2025-07-03
653,Kathleen Frederick,santiagojeremy@example.net,Jessicaborough,Louisiana,2026-01-12
654,Dennis Bowen,rachelpena@example.com,Port Matthewfurt,New Mexico,2025-03-01
655,David Obrien,upaul@example.com,Mcgrathshire,South Dakota,2026-06-25
656,Justin Davis,maureen06@example.net,East Christopherberg,Alaska,2026-06-18
657,Kelsey Combs,matthewnavarro@example.org,Andrewborough,Nevada,2025-05-19
658,Carmen Phillips,timothyjones@example.net,Heatherhaven,Maine,2026-03-01
659,Daniel Mcdonald,jessicabrown@example.org,Brownmouth,Hawaii,2025-10-20
660,Omar Soto,simpsoncaitlin@example.net,New Jameston,Missouri,2025-03-19
661,Amanda Hughes,rodneygaines@example.com,Reedville,California,2024-11-15
662,Michael Gallagher,joseph88@example.net,Roberthaven,New York,2026-02-10
663,William Ward,reedmark@example.com,Lake Curtis,New Jersey,2024-12-04
664,Jason Taylor,esmith@example.net,Ryanbury,South Dakota,2026-03-10
665,Katrina Reed,saraball@example.org,North Denisehaven,New Hampshire,2025-10-11
666,Michelle Dickerson,brittany88@example.com,Lake Justinburgh,Nebraska,2024-10-16
667,Marie Adams,bellkimberly@example.org,Seanhaven,Iowa,2025-08-09
668,Kevin Best,bharmon@example.net,Mooremouth,Kansas,2025-05-15
669,Elizabeth Fitzgerald,nunezkenneth@example.com,Hendrickshaven,Iowa,2025-01-09
670,Mrs. Frances Stewart DVM,deannafernandez@example.net,Lake Debra,Massachusetts,2026-04-14
671,Timothy Mills,ybutler@example.com,Richardhaven,Virginia,2026-08-21
672,Mary Sosa,jenna14@example.com,Dylanport,California,2025-09-05
673,Matthew Farmer,ncollins@example.com,Port Chadton,Texas,2025-09-07
674,Janice Russo,bnelson@example.org,Lake Samuel,South Carolina,2025-08-03
675,Jonathan Kelly,sgarcia@example.org,West Willie,Michigan,2025-12-08
676,Lynn Gonzales,ncooper@example.org,Owenshire,Colorado,2026-01-14
677,Jennifer Abbott,ycooper@example.org,Stantonfurt,Tennessee,2025-09-17
678,Denise Johnson,baileyandrew@example.net,East Elizabethview,Florida,2025-07-31
679,John Wise,macdonaldclaudia@example.net,Amandahaven,Montana,2024-10-25
680,Shaun Edwards,smithjames@example.com,Port Brian,Delaware,2026-02-18
681,Kenneth Bailey,jrobinson@example.org,Antonioshire,Pennsylvania,2026-01-05
682,Gabriel Brown,albertmcbride@example.net,South Pamela,Alaska,2024-10-16
683,Cameron Rodriguez,michellebrown@example.net,Bryantberg,Colorado,2025-07-16
684,Jeremy Spencer,oward@example.net,South Elizabeth,Vermont,2026-05-19
685,April Romero,glenyoung@example.net,South Emilyland,Minnesota,2026-06-04
686,Brandi Howard,carrpatricia@example.org,South Danny,New Mexico,2024-12-31
687,Jeffrey Garcia,ericksonmolly@example.org,Russellville,Virginia,2026-06-16
688,James Taylor,stewartamy@example.com,Coffeyfort,Massachusetts,2025-09-26
689,Jose Bailey MD,vincentellen@example.org,New Danielleville,Alabama,2025-04-28
690,Charles Hurley,kanekaitlyn@example.com,Lake Jennifer,Georgia,2026-03-28
691,Margaret Ramos,echambers@example.net,Campbellchester,Maryland,2026-02-15
692,Patricia Jensen,lewisjessica@example.org,Charlesfort,Utah,2025-11-22
693,Mrs. Kristen Carr,allison97@example.net,Ericamouth,Washington,2026-06-26
694,Krystal Graves,jonesmichael@example.org,Port Donaldview,Pennsylvania,2026-01-15
695,Edward Barker,russelljohnson@example.org,North Robert,Nebraska,2025-05-30
696,Terry Mcclain,joshua18@example.org,Davidmouth,New Hampshire,2026-08-14
697,James Hines,moniquebryan@example.net,Kristinburgh,Kentucky,2025-05-01
698,Oscar Carter,gabriel98@example.com,Lake Theresa,South Dakota,2024-11-27
699,Christopher Roth,drogers@example.com,New Michelleland,New York,2025-04-02
700,Mr. Roger Lopez II,unash@example.com,Graymouth,New York,2025-12-24
701,Sean Miller,qanderson@example.org,Lake Heather,Maine,2024-08-28
702,Amy Smith,walkersarah@example.net,Davidmouth,Michigan,2025-04-30
703,Sean Thompson,nathan53@example.com,Sharontown,North Carolina,2024-12-29
704,Julie Allen,carlosrichardson@example.com,West Bryanshire,Vermont,2025-05-01
705,Jasmine Mccoy,chadmoore@example.com,Robertsonshire,Oregon,2026-01-04
706,Janice Higgins,lvillanueva@example.com,Mitchellfurt,Georgia,2026-05-30
707,Jennifer Wilson,jerryhale@example.com,Stefanieside,California,2026-04-14
708,Alyssa Diaz,rebeccachurch@example.com,Lake Zachary,Iowa,2026-02-19
709,Joyce Cooper,jasonarias@example.com,Simsburgh,Kentucky,2025-01-20
710,Lori Brown,hickschristina@example.org,Markmouth,Delaware,2025-06-22
711,Shelby Rhodes,allenbrandon@example.net,North Robertland,Hawaii,2026-06-24
712,Alexis Wall,leonsara@example.net,Lake Michaelbury,Oregon,2026-08-11
713,Raymond Matthews,thompsonjames@example.net,Samanthaville,Missouri,2025-10-12
714,Lauren Lucero,alexmejia@example.net,West Brandon,Iowa,2025-02-23
715,Paul Gutierrez,hillhelen@example.net,North Thomas,Vermont,2026-07-31
716,Kyle Williams,anthony89@example.org,Lewisside,West Virginia,2025-03-15
717,Angel Collins,timothyhood@example.com,Nelsonfort,Mississippi,2025-01-29
718,Joshua Rivas,melissasawyer@example.org,Beltranchester,Ohio,2025-02-01
719,John Walker,pamelahughes@example.com,Stacyfurt,Arizona,2024-10-09
720,Katherine Riley,mark18@example.org,Audreyton,Arkansas,2025-10-27
721,Scott Hale,davisalicia@example.net,Frankberg,Kansas,2024-11-17
722,Christina Griffin,heather89@example.net,Elizabethstad,Rhode Island,2025-10-03
723,Teresa Hahn,lowetanner@example.com,Singhview,South Carolina,2025-01-28
724,Laura Kline,jason00@example.org,West Carolynland,Connecticut,2026-01-29
725,Melissa Lopez,marccarter@example.org,Schwartztown,Georgia,2025-04-21
726,Amanda Best,brian06@example.net,Port Mark,Georgia,2025-12-23
727,Melinda Sandoval,davisstephanie@example.org,Lake Thomas,Nevada,2025-03-21
728,Ashley Taylor,htaylor@example.net,West Coleview,Mississippi,2025-06-07
729,Veronica Singh,mhenderson@example.net,Christophershire,Arizona,2026-01-14
730,Christy Turner,carpenterbreanna@example.org,Alvarezberg,Illinois,2026-01-01
731,Beverly Wheeler,robbinsana@example.com,North Spencerside,Connecticut,2024-12-05
732,Laura Brown,fitzgeralddave@example.net,Angelaton,Indiana,2025-09-01
733,Mrs. Linda Jacobs DVM,destiny57@example.org,Jameschester,Rhode Island,2026-01-18
734,Jennifer Beasley,laura51@example.com,South Craigtown,Delaware,2025-06-21
735,Eduardo Doyle,tomshepard@example.com,Erneststad,Idaho,2025-06-04
736,Jennifer Jensen,melvinwerner@example.net,Cooperside,Tennessee,2026-02-09
737,Karen White,patricia53@example.org,West Jessica,Massachusetts,2025-12-31
738,Kelly Jenkins,hhoffman@example.org,Byrdville,West Virginia,2026-02-08
739,Brian Davis,dsimmons@example.org,Thomasstad,Minnesota,2025-08-04
740,Tonya Potter,jeffreysantiago@example.com,Kristatown,Arkansas,2024-08-31
741,Samantha Adams,mccormickpatrick@example.com,Juliaburgh,Washington,2025-08-15
742,Tyler Lewis,stevenbowman@example.org,Maddoxborough,Kentucky,2026-04-02
743,Theresa Oneal,milesdevon@example.net,North Andrew,Minnesota,2026-03-15
744,Jessica Gibson,michelle28@example.com,Davidland,Alabama,2026-06-28
745,Edwin Petersen,katrina51@example.org,Jamesside,Hawaii,2026-07-30
746,Autumn Trevino,brandonsoto@example.org,East Kenneth,Iowa,2025-10-30
747,Christopher Dickerson,romerodana@example.net,New Haileyland,New Mexico,2025-07-10
748,Alexis Guerra,stacyschmidt@example.org,Weaverhaven,Texas,2025-07-09
749,John Monroe,belllaura@example.net,East Mackenziestad,Missouri,2025-05-06
750,Joel Sanford,melissa96@example.com,South Jose,Maryland,2026-04-12
751,Joshua Cabrera,ewagner@example.net,Blakehaven,Kansas,2025-08-31
752,Catherine Powell,morrisbenjamin@example.org,West Johnberg,West Virginia,2025-06-01
753,William Burke,poncekimberly@example.org,South Dale,Oregon,2025-04-19
754,Kristi Greene,diazdanielle@example.com,Turnermouth,North Dakota,2025-11-27
755,Sara Rojas,rossjames@example.com,East Lawrenceport,Minnesota,2024-09-28
756,Mark Warren,derekgordon@example.net,Jenniferborough,Utah,2025-10-23
757,Daniel Good,vallen@example.com,East Hannahside,Oregon,2025-04-16
758,Brett Sanford,paulmora@example.org,East Joshuahaven,Oklahoma,2025-04-13
759,Stacy Hunter,eric66@example.com,Jeremyfort,Alabama,2025-09-16
760,Megan Ross,arusso@example.com,Rodriguezbury,Maryland,2025-03-26
761,Christopher Jordan MD,donovanlinda@example.com,Wellsshire,Maryland,2024-11-19
762,Kenneth Santiago,torreszachary@example.com,South Jerry,South Carolina,2025-01-14
763,James Clark,gsparks@example.com,Pooleshire,Minnesota,2025-05-19
764,Scott Flores,garciateresa@example.org,Riveraville,North Dakota,2026-05-07
765,Charlene Novak,watsonsandra@example.com,Lake Laurenview,Washington,2025-03-10
766,John Webb,lindathomas@example.net,Lake Cheryl,Kentucky,2026-08-16
767,Martin Baker,judith37@example.net,South Meganview,Kansas,2026-02-17
768,Barbara Wilson,patrickgibson@example.com,South Melissafort,Ohio,2025-10-31
769,Elizabeth Jenkins,cheryl61@example.net,Mikehaven,North Carolina,2026-01-07
770,Erin Hogan,kelly67@example.org,Lorettahaven,Maine,2025-08-16
771,Christine Taylor,willie53@example.org,South Robertfort,New Jersey,2025-09-29
772,Mark Andrews,davidthompson@example.net,South Heidi,North Dakota,2025-03-28
773,Mary Hall,mfowler@example.org,West Calvinland,Oklahoma,2024-11-20
774,Cynthia Chavez,clarkethan@example.org,Lake Lisaview,Texas,2025-07-30
775,Christopher Mosley,harringtonlucas@example.net,New John,Arkansas,2026-08-13
776,Jared Cook,rebecca53@example.com,West Rebecca,Montana,2025-09-01
777,Larry Nguyen,sking@example.net,New Jacobbury,Delaware,2025-05-11
778,Gary Ross,bkhan@example.org,Thomasville,Arizona,2025-06-06
779,Nancy Coleman,cisnerosgerald@example.org,Camposchester,Alaska,2026-08-19
780,Donald Cole,quinnmackenzie@example.org,New Brianna,Wisconsin,2025-07-14
781,Christopher Mcgrath,curtisbrown@example.net,Port Michaelfort,Vermont,2026-07-24
782,Christopher Hoffman,qrios@example.net,Acevedoview,Texas,2024-10-25
783,Jacqueline Maynard,garretttravis@example.net,North Loganstad,Nebraska,2026-05-02
784,Sarah Rodgers,williamsronald@example.net,Port Jeffrey,Massachusetts,2026-07-10
785,William Valdez,schneiderlucas@example.org,New Michael,Nebraska,2024-11-09
786,Erin Jackson,darrenrivas@example.org,North Davidfort,Ohio,2025-10-17
787,John Smith,dking@example.org,Garciahaven,North Carolina,2026-07-31
788,Catherine Mendoza,grosslori@example.net,Danielville,Colorado,2025-01-24
789,Virginia Hill,nlee@example.org,Michelleville,Wyoming,2026-03-28
790,Jeremiah Huber,wmurray@example.com,North Andrew,Arkansas,2024-08-29
791,Renee Long,jenniferramos@example.net,Port Steven,Tennessee,2025-06-30
792,Kaylee Shaw,stevenallen@example.net,Timothyburgh,Oklahoma,2025-02-22
793,Robert Skinner,brittany72@example.net,Mcculloughburgh,Ohio,2025-04-19
794,Robin Patel,pamelahamilton@example.org,Port Randy,Nevada,2025-10-03
795,Laura Harrell,phillipparker@example.org,Shannonchester,Hawaii,2026-04-07
796,Calvin Robbins,larryaguirre@example.net,Griffinfurt,Michigan,2025-08-01
797,Carol Jenkins,andersonmichael@example.net,Lake Frederick,Rhode Island,2026-05-04
798,Joseph Wilson,boltonandrew@example.net,North Sandrastad,Kansas,2024-09-26
799,Kelly Tran,qgonzalez@example.net,West Susan,Ohio,2026-06-27
800,Brandon Nelson,cbowman@example.net,Port Daniel,North Carolina,2026-01-15
801,Margaret Martin PhD,stevensrichard@example.com,Michaelburgh,Hawaii,2026-04-27
802,Tammy Thompson,justinchase@example.net,West Kevin,Delaware,2026-06-17
803,Karen Martinez,kellyanderson@example.com,North Daniel,Texas,2025-05-03
804,Aaron Mccann,uperez@example.net,North Joshuamouth,Arizona,2026-07-28
805,Christine Dyer,jacksonjody@example.org,Walshburgh,Kansas,2025-11-12
806,David Perez,janet85@example.org,Lake Tiffany,Arkansas,2024-11-07
807,Gary Yates,zmcbride@example.com,Vazquezbury,Massachusetts,2026-04-24
808,Danny Cook,janetowens@example.org,Tuckerstad,Texas,2025-11-09
809,Harry Alexander,kelsey89@example.com,South Marcus,New Jersey,2025-03-15
810,Max Lynch,donnareyes@example.com,Port Leroy,Alabama,2025-05-09
811,Angela Henry,griffinemily@example.com,South Larry,Hawaii,2024-12-26
812,Mark Rodriguez,bhood@example.net,South Lauraview,Nebraska,2026-02-26
813,Matthew Wright,aaronharper@example.org,Boydmouth,Wisconsin,2026-01-20
814,Cynthia Kramer,uross@example.org,South Brad,Ohio,2025-02-01
815,Amy Riggs,aaron14@example.com,Lake Williammouth,South Carolina,2025-11-27
816,Raymond Smith,grahamdesiree@example.net,West Patricia,Louisiana,2026-05-01
817,Lisa Henry,hwebb@example.org,North William,Oregon,2026-05-23
818,Stephanie Payne,jamesgrant@example.net,Lake Jennifer,Vermont,2025-12-31
819,Willie Walter,timothy84@example.com,Aaronhaven,New Jersey,2025-02-07
820,Jacob Perez,rossjoshua@example.org,Port Shannonland,Maine,2026-05-12
821,Cynthia Vega,robertlin@example.com,North Brittneystad,Nevada,2026-08-16
822,Laurie Rosario,ijones@example.org,Fletcherport,Massachusetts,2024-09-30
823,Margaret Hurley,daniellecarter@example.com,Deborahchester,Wyoming,2025-10-15
824,William King,dstone@example.net,New Codytown,Arizona,2026-02-15
825,Stacy Thomas,thomas39@example.com,Websterhaven,Illinois,2026-05-28
826,Donald Griffin,eturner@example.net,Jeannehaven,Alabama,2025-10-09
827,Stephanie Scott,scottrobbins@example.org,Blakeborough,Minnesota,2025-11-19
828,Courtney Ray,finleydylan@example.org,New Frank,New Jersey,2025-11-12
829,Jessica Pittman,rfoster@example.com,Lake Scott,Oklahoma,2026-01-05
830,Denise Robinson,melissamoran@example.net,Englishfurt,Massachusetts,2025-11-11
831,Sean Brooks,nfuller@example.org,South Mariaview,New Mexico,2025-07-16
832,Mark Pennington,ikim@example.net,Port Jamesside,Maine,2024-10-31
833,Nicholas Sandoval,zpowers@example.net,Lake Kristyland,Missouri,2025-08-08
834,Morgan Golden,howellstacy@example.org,Daniellemouth,Arkansas,2026-03-07
835,Jeffrey Robinson,ddowns@example.com,East Robertmouth,New York,2026-04-27
836,Hannah Hill,oallen@example.org,Lake Bradley,Tennessee,2025-07-31
837,Pamela Davis,sharptravis@example.org,Turnerside,Hawaii,2025-10-25
838,Sharon Taylor,nelsondaniel@example.net,Lake Harold,Nebraska,2025-08-09
839,Allen Vazquez,robertvincent@example.org,East Lisa,Idaho,2026-08-16
840,Stephen Barrett,racheldaniel@example.com,Dixonfurt,Nevada,2026-08-16
841,Lauren Fletcher,tchristian@example.net,Phillipsstad,Missouri,2025-06-25
842,April Humphrey,rileycathy@example.net,New Thomaschester,Utah,2026-08-22
843,Ryan Harris,nguyenkenneth@example.com,Georgeborough,Washington,2025-01-28
844,Stephen Bell,jacksondaisy@example.org,Barnettchester,Mississippi,2026-07-22
845,Bryan Watts,alicia92@example.net,Josephchester,Missouri,2026-07-02
846,Allen Anderson,dawn95@example.com,South Jamie,Delaware,2025-01-22
847,Michael Martinez,brittney79@example.org,Wandaville,Arizona,2025-09-23
848,Jacob Munoz,zrodriguez@example.net,Drewtown,Illinois,2025-09-20
849,Stephen Reeves,zpark@example.net,Castroport,Iowa,2024-12-10
850,Jasmine Bennett,curtischristopher@example.com,Lake Jamesville,Colorado,2026-02-13
851,Anne Campbell,mindy21@example.com,Terrellhaven,Oklahoma,2025-10-04
852,Melissa Thomas,ronaldcohen@example.org,Lake Bridgetfurt,Vermont,2026-08-11
853,Alexander Roberts,wmorris@example.org,East Luis,Idaho,2024-09-25
854,Mitchell Lewis,jeffreysanchez@example.net,Carriefort,Alaska,2024-10-07
855,Hunter Ross,aprice@example.net,East Jerryview,Wyoming,2025-08-06
856,Crystal Russo,richardnunez@example.net,New Kevin,Rhode Island,2025-10-05
857,Eric Thomas,melissacox@example.com,Drewville,Arizona,2025-05-23
858,Shawn Cowan,mark66@example.org,East Erica,Connecticut,2026-05-03
859,Maria Haynes,hernandezholly@example.com,Port Jeffreyberg,Alaska,2026-02-12
860,Nicholas Hill,kwashington@example.net,Danielland,Florida,2026-04-21
861,Samuel Torres,kaylawatkins@example.net,Robertfurt,Alaska,2026-02-20
862,Jason Miranda,rossjessica@example.com,South Bradley,Connecticut,2026-06-14
863,Gina Davis,wcarpenter@example.net,Port Theresaland,Hawaii,2025-12-03
864,Mr. Brian Thomas,ruizwesley@example.net,Brendaburgh,Texas,2026-06-11
865,Craig Smith,tammyhall@example.org,South Andrewport,Colorado,2024-10-16
866,Joshua Chen,josephwilson@example.com,Lucasmouth,Louisiana,2025-09-25
867,Destiny Flores,heather70@example.com,North Franciscoville,Wisconsin,2024-11-19
868,Daniel Campos,zrivera@example.net,South Taylor,Florida,2025-07-13
869,James Parrish,montoyadavid@example.org,Lake William,South Carolina,2026-02-17
870,Sarah Hinton,simpsonsean@example.com,East Catherine,Oregon,2024-10-13
871,Samuel Patterson,alyssa79@example.org,Garciaport,South Dakota,2025-09-05
872,Kristen Mason,myersbobby@example.com,Alyssafort,Georgia,2026-03-13
873,Karen Lopez,ybrown@example.net,Port Julieport,South Dakota,2026-08-06
874,Justin Jackson IV,zscott@example.com,Joshuaport,Vermont,2026-02-22
875,Justin Miller,wendy93@example.org,Carpenterside,Florida,2025-08-18
876,Jorge Riley,dale13@example.org,Olsenshire,South Carolina,2025-02-05
877,Dawn Ruiz,nwise@example.net,Barbaraberg,New York,2025-07-26
878,Joseph Stewart,millerhaley@example.net,New Petertown,Kentucky,2026-05-31
879,Kelsey Cardenas,pollardscott@example.org,Morristown,New Jersey,2026-08-21
880,Brendan Vaughn,ofisher@example.net,South Michelleberg,South Dakota,2026-03-16
881,Taylor Perkins,holly08@example.com,Allenbury,Oklahoma,2025-01-02
882,Eric Martinez,shawnarodriguez@example.org,Shannonbury,Washington,2026-06-17
883,David Reed,hjohnson@example.net,Lake Sherriport,New Hampshire,2026-07-24
884,Danielle Jenkins,michael61@example.com,South Robertmouth,Hawaii,2025-06-07
885,Lori Valenzuela,nealbryan@example.com,Timothyhaven,Illinois,2024-12-20
886,Matthew Peterson,wagnerdavid@example.org,East Christopher,Washington,2025-09-24
887,Richard Davenport,smithcheryl@example.com,North Jasmine,Wyoming,2025-06-11
888,David Wolf,ronald70@example.com,Nicholaston,Illinois,2025-08-24
889,Brianna Rice,anthony75@example.net,Lake Daniel,Nevada,2026-01-02
890,Lindsey Harris,millernatalie@example.org,North Dianabury,Indiana,2025-09-08
891,Harry Rodriguez,ttorres@example.org,Mcclainfort,Indiana,2024-12-16
892,Laura Yu,maryshelton@example.net,Masonfort,Kansas,2026-03-26
893,Tanner Boone,joneschristopher@example.net,East Danielle,Nevada,2025-09-17
894,Austin Butler,xkim@example.com,Port Josephview,Arizona,2025-06-01
895,Craig Bond,arianacole@example.org,South Daniel,Rhode Island,2026-07-08
896,Michael Leon,michael81@example.com,East Anthony,Louisiana,2025-11-19
897,John Martin,ryan69@example.net,Heatherstad,Washington,2025-03-15
898,Sonia Larsen,yjacobs@example.net,New Charles,Vermont,2026-01-29
899,Diane Phillips,bcombs@example.com,Port Michael,Pennsylvania,2025-07-16
900,Debra Kent,sharonhorn@example.org,Paultown,Michigan,2026-08-06
901,Yvonne Krause,bryan41@example.org,Aliciamouth,North Carolina,2025-11-18
902,Christine Wilson,kristine41@example.org,Smithville,Oklahoma,2026-05-20
903,Amanda Gordon,joel43@example.net,Port Jefferyside,Iowa,2025-08-20
904,Jacqueline Castaneda,michellebaker@example.net,Foxshire,Massachusetts,2026-06-17
905,William Reed,jessicawilliams@example.com,Robbinston,Vermont,2025-07-21
906,Philip King,nwong@example.com,New Gregorystad,Rhode Island,2025-05-04
907,Tony Stewart,spearsmichael@example.org,South Cathytown,New Mexico,2025-02-21
908,Casey Barry,miguel13@example.com,Rosariomouth,Ohio,2025-10-07
909,Melissa Harris,vrichardson@example.org,Lake Kevinfort,Iowa,2025-04-21
910,Mary Davis,stacieblack@example.net,North David,New Jersey,2025-04-25
911,Jill Wells,daviddavis@example.org,Port Nicholastown,Missouri,2024-11-21
912,Stephanie Cox,stacy39@example.net,East Emilyshire,Oklahoma,2025-05-29
913,Kelli Miller,ericcollins@example.com,Ericville,Illinois,2026-02-10
914,Lisa Phillips,vriley@example.org,East Amandahaven,Ohio,2026-07-25
915,Brandy Hoffman,kristinpeters@example.org,Lake Lauramouth,Hawaii,2026-08-17
916,Kristy Lewis,andrewsnicole@example.org,Rodriguezmouth,Maine,2025-10-01
917,Jennifer Nelson,zacharywong@example.com,New Shawn,Washington,2026-07-23
918,Dustin Johnson,marshtrevor@example.net,Christineborough,Massachusetts,2025-12-18
919,Mark Williams,rchandler@example.org,New Mauricestad,Tennessee,2025-05-05
920,John Fields,ihoward@example.net,Jacksonton,Iowa,2025-07-05
921,Tracy Barrett,glendaflores@example.com,Lake Josephfurt,Louisiana,2025-08-25
922,James Thompson,ywilliams@example.com,South Jimmy,Iowa,2026-06-25
923,Tyler Vega,moonkelli@example.net,Hallside,Alaska,2025-12-13
924,Anthony Martin,amy64@example.com,West Michael,Michigan,2025-10-31
925,Samantha Anderson,christopher65@example.net,Milesside,Delaware,2025-07-30
926,Wendy Robinson,reyestracy@example.net,South Ronaldchester,Maine,2026-06-21
927,Richard Soto,donald18@example.net,New Matthewshire,West Virginia,2025-05-15
928,Barbara York,danielruiz@example.com,Port Kyliebury,Rhode Island,2024-11-18
929,Kevin Cantrell,perezjennifer@example.com,Christopherfort,Arizona,2026-03-12
930,Veronica Gonzalez,lwilliams@example.net,East Stephen,Wyoming,2025-07-26
931,Katherine Anthony,swansonholly@example.com,West Michelle,Colorado,2024-11-10
932,Sandra Wood MD,taylorann@example.net,New Vincent,Arizona,2026-04-21
933,Kim Porter,jennifervillanueva@example.com,New Cheryl,Tennessee,2025-03-19
934,Adrian Wilson,michael73@example.net,Coxstad,Colorado,2025-01-06
935,Jonathan Harris,johnsonleah@example.org,North Kennethburgh,Michigan,2025-05-20
936,Paul Fowler,coxchase@example.net,Jimenezberg,Minnesota,2025-07-23
937,William Baker,dustinacevedo@example.org,Lake Lisa,Delaware,2025-11-15
938,Daniel Webster,brianakane@example.com,Bellville,Delaware,2026-03-03
939,Jeffery Cummings,wwhite@example.net,Gregshire,Arizona,2025-08-04
940,Kevin Barnes,devin72@example.com,West Micheleland,Connecticut,2024-10-25
941,Sara Collins,brownjason@example.net,Dylanmouth,Pennsylvania,2025-06-23
942,Oscar Garcia,soliver@example.net,North Danaberg,Arkansas,2025-12-22
943,Terry Lane,dawnfrancis@example.net,Catherinestad,South Carolina,2026-04-12
944,Sarah Wallace,patrick45@example.org,Lake Amanda,Montana,2025-06-03
945,Rachel Phelps,dnelson@example.org,North Heather,Rhode Island,2026-05-18
946,Tamara Jenkins,rmacdonald@example.org,Davidchester,North Dakota,2026-01-24
947,Brooke Taylor MD,murphybrittany@example.com,North Richardburgh,New Jersey,2026-08-15
948,David Black,kristenlawson@example.net,Danielburgh,Alaska,2025-04-09
949,Dawn Mccormick,emilyreyes@example.org,Williamsborough,Arizona,2024-08-23
950,Scott Reese,pochoa@example.org,Barbaraberg,Alaska,2024-11-02
951,Patty Shelton,loweryjoshua@example.org,New Ryanshire,Arizona,2025-08-03
952,Michael Watson,sarahjohnson@example.com,Lake Kristinaberg,Iowa,2026-01-16
953,Jackie Ramirez,tharvey@example.org,Lake Jerryton,New Hampshire,2024-09-02
954,Mark Savage,petersoto@example.org,West Patricia,New Mexico,2026-01-19
955,Anthony Hall,allenbrian@example.com,New Helenview,Connecticut,2026-06-17
956,Tracey Wilson,jbell@example.com,New Joy,Michigan,2026-03-19
957,Craig Frye,garciajason@example.com,Jamesville,Hawaii,2026-04-25
958,Margaret Hunter,bmason@example.net,Spencerview,Colorado,2026-06-12
959,Maureen Burton,gburton@example.org,Christopherhaven,New Jersey,2025-09-10
960,Lori Campbell,alecperez@example.org,North Tammy,Oklahoma,2024-11-17
961,Stacey Cruz,richardmartinez@example.com,Simpsonmouth,North Dakota,2024-09-27
962,James Williams,alexander79@example.org,Antoniofurt,Pennsylvania,2025-04-11
963,Mark Salazar,andersonthomas@example.org,North Karenfort,Ohio,2026-03-23
964,Tara Johnson,bethanyjohnson@example.com,New Joshua,Wisconsin,2025-09-14
965,Robert Ramirez,veronica53@example.net,Petersmouth,West Virginia,2025-06-02
966,Donna Powell,tracieleonard@example.com,New Aprilborough,Arkansas,2025-04-25
967,Roberta Simmons,vellison@example.net,Melissaville,Oregon,2025-09-09
968,Martin Armstrong,mcleanmiranda@example.net,West Caitlinfort,Maryland,2025-05-15
969,Tyler Jones,jacobsmith@example.org,East Charleschester,Oregon,2026-06-05
970,Laura Ewing,yhuber@example.net,West Johntown,New Jersey,2025-04-08
971,Matthew Hogan,jessica68@example.com,Samuelchester,Delaware,2025-02-21
972,Jennifer Barnes,tracy49@example.net,New Sarah,Utah,2024-09-30
973,Jeffrey Skinner,christinawong@example.net,New Dalton,Indiana,2025-12-08
974,Kelly Lopez,brianlove@example.org,New Miranda,Rhode Island,2026-05-31
975,Tyler Mejia,antoniocurry@example.net,Courtneyfurt,Maine,2026-04-09
976,Jennifer Soto,nashwendy@example.com,Georgeshire,Iowa,2025-03-26
977,David Burton,smitchell@example.com,Jonesburgh,Maine,2025-05-14
978,Monica Dennis,kwallace@example.net,Singletonburgh,Louisiana,2024-09-13
979,Jacob Baker,dknight@example.net,Port Pedro,Mississippi,2026-02-25
980,Donald Garcia,raymond74@example.net,Amberberg,Oklahoma,2025-11-22
981,Tamara Bennett,fischerbryan@example.org,Port Leslie,Indiana,2025-04-04
982,Ryan Barker,troychapman@example.org,West Ritaborough,Illinois,2024-09-02
983,Lynn Griffin,christinajenkins@example.net,South Madisonview,New Hampshire,2025-12-24
984,Michael Barker,martinbenjamin@example.com,Martinezmouth,Maine,2024-09-18
985,Steven Carney,marcmartinez@example.org,Michaelhaven,Georgia,2026-03-24
986,Debra Robinson,frenchluis@example.org,Taylorhaven,Oklahoma,2025-08-08
987,Joshua Castro,tcraig@example.com,West Andrew,Delaware,2026-06-30
988,Brenda Smith,danarichardson@example.com,Lake Mark,Rhode Island,2024-12-20
989,Christina Dominguez,ritaibarra@example.org,Elizabethport,Maryland,2025-07-25
990,Jill Aguilar,qbuck@example.org,Gilltown,Virginia,2026-04-03
991,Lorraine Mclean,cruzdouglas@example.com,East Cynthia,Arkansas,2024-08-29
992,Daniel York,tonya09@example.net,South Stephaniebury,Ohio,2026-08-08
993,James Berry,ashleevega@example.net,South Randallport,North Dakota,2025-06-27
994,Joseph Smith,lisasmith@example.net,New Joshua,Florida,2026-05-09
995,Matthew Owens,marshdeborah@example.net,Nguyenton,Arkansas,2025-04-04
996,Joseph Anderson,carlsonmelinda@example.org,South Kerry,Montana,2025-01-04
997,Jean Smith,ijohnston@example.org,Mialand,Alabama,2026-04-03
998,Todd Ramirez,jamesthompson@example.org,Sullivanland,California,2025-06-08
999,Bridget Vaughan,frank83@example.org,Chadborough,New Jersey,2024-10-09
1000,Brandon Archer,hshepherd@example.net,Amyfurt,Mississippi,2025-06-14
