product_id,product_name,category,price
1,Letter,Fashion,1439.87
2,Another,Sports,3720.86
3,Blood,Electronics,3455.47
4,Book,Fashion,1223.39
5,Necessary,Sports,1783.55
6,Walk,Electronics,3835.16
7,New,Electronics,819.36
8,Recent,Fashion,1326.89
9,Wish,Sports,3828.1
10,Half,Home,1996.85
11,Since,Sports,2809.81
12,Dinner,Fashion,3343.29
13,Require,Home,1653.19
14,Send,Sports,1403.15
15,Eye,Sports,1014.6
16,Role,Sports,2111.84
17,Music,Sports,2041.66
18,Oil,Fashion,3672.55
19,Imagine,Fashion,3344.67
20,Approach,Fashion,2203.25
21,Center,Fashion,286.45
22,Keep,Home,4514.71
23,Hundred,Sports,112.97
24,Team,Sports,4020.33
25,Far,Sports,2558.54
26,Long,Home,4797.73
27,Indicate,Sports,722.95
28,Stay,Home,2263.86
29,Say,Home,1481.58
30,South,Electronics,4854.73
31,Kind,Electronics,3190.28
32,Cup,Fashion,3717.88
33,Important,Fashion,283.26
34,Expect,Sports,2696.2
35,Reveal,Sports,3312.62
36,Hour,Electronics,4213.76
37,Through,Sports,4530.79
38,Ok,Fashion,4031.02
39,Voice,Home,1761.3
40,Realize,Electronics,2733.79
41,Indeed,Electronics,336.76
42,Kid,Home,3225.39
43,Sport,Sports,1864.69
44,Action,Electronics,2306.5
45,Low,Sports,3232.46
46,Physical,Home,1324.15
47,Stand,Sports,3607.9
48,Mention,Fashion,139.76
49,Capital,Home,1588.11
50,Attorney,Fashion,3529.85
51,Structure,Electronics,2493.94
52,Price,Electronics,4215.35
53,Training,Sports,2691.75
54,Wish,Home,385.07
55,Field,Home,1079.12
56,Agreement,Fashion,2256.81
57,Score,Home,3326.91
58,Truth,Fashion,483.28
59,Day,Sports,2521.13
60,Finish,Sports,1987.28
61,Follow,Home,2370.47
62,Interview,Home,2467.31
63,Yard,Home,4413.99
64,Enter,Sports,170.48
65,Accept,Home,2716.73
66,Water,Sports,2652.9
67,Scene,Electronics,4143.76
68,Nothing,Sports,1296.0
69,Resource,Sports,4905.37
70,Run,Home,570.78
71,Strategy,Sports,1180.99
72,About,Electronics,790.23
73,Head,Fashion,2087.25
74,Letter,Electronics,1025.76
75,These,Sports,2508.35
76,Citizen,Home,3345.63
77,Teach,Sports,514.85
78,Again,Home,2123.5
79,Fly,Electronics,4156.27
80,At,Home,2001.15
81,Exist,Electronics,4151.39
82,Smile,Home,3933.69
83,Style,Fashion,4755.93
84,Side,Sports,4092.71
85,Hundred,Sports,4457.73
86,Where,Home,4613.74
87,Outside,Fashion,3248.8
88,Someone,Home,3210.13
89,Federal,Electronics,852.81
90,Bank,Fashion,863.06
91,Large,Fashion,1550.83
92,Party,Fashion,2143.74
93,Happen,Home,2578.53
94,Use,Sports,983.19
95,Risk,Electronics,799.55
96,Might,Home,2756.86
97,Condition,Sports,210.88
98,Serve,Home,3092.64
99,Seven,Home,2494.95
100,Popular,Electronics,3276.65
101,Very,Home,3460.55
102,Prove,Fashion,716.91
103,And,Sports,4179.86
104,Yeah,Electronics,4837.71
105,Full,Fashion,4863.0
106,Watch,Sports,3409.39
107,Car,Sports,701.75
108,Class,Sports,4108.93
109,Resource,Fashion,533.24
110,Yes,Sports,1239.07
111,Politics,Fashion,2648.13
112,Rest,Home,3013.94
113,Stay,Home,2886.91
114,Happy,Sports,4771.78
115,Compare,Sports,4192.77
116,Find,Sports,2286.5
117,Firm,Sports,143.59
118,Cell,Sports,4066.87
119,Husband,Sports,3179.73
120,All,Sports,2595.75
121,Across,Fashion,130.56
122,Voice,Sports,1415.24
123,Quality,Electronics,4461.27
124,Result,Electronics,3803.2
125,Usually,Electronics,550.85
126,Like,Home,4066.3
127,Moment,Sports,4897.78
128,Similar,Home,558.35
129,Trouble,Sports,4599.71
130,Meet,Electronics,3689.31
131,Somebody,Home,601.72
132,Activity,Electronics,4473.74
133,Someone,Fashion,3461.44
134,Job,Electronics,4992.66
135,About,Fashion,1520.73
136,Choose,Sports,506.48
137,Almost,Sports,3664.42
138,Close,Sports,341.0
139,Ready,Sports,1034.25
140,Store,Electronics,4039.29
141,Hope,Fashion,359.57
142,Yes,Electronics,4665.56
143,Building,Electronics,3961.84
144,Local,Sports,1388.99
145,Pattern,Electronics,3842.31
146,Red,Sports,2906.93
147,Build,Fashion,4780.55
148,Mouth,Sports,1241.42
149,Five,Electronics,4575.4
150,Mention,Home,3315.33
151,Method,Fashion,835.9
152,Me,Electronics,1368.65
153,Treat,Fashion,4078.71
154,Green,Home,3989.15
155,End,Electronics,454.21
156,Bill,Sports,4219.38
157,Size,Fashion,4854.23
158,Politics,Electronics,2948.53
159,Collection,Home,1400.61
160,Sign,Sports,2416.21
161,Individual,Home,259.67
162,Language,Sports,3079.06
163,Local,Sports,2732.38
164,Method,Sports,1290.73
165,Social,Fashion,4105.21
166,Him,Home,2585.89
167,Image,Sports,4436.62
168,Goal,Fashion,4884.08
169,Property,Electronics,2998.35
170,Public,Sports,514.45
171,Bring,Sports,228.11
172,Stay,Fashion,4569.68
173,System,Electronics,667.07
174,Exactly,Sports,1263.46
175,Place,Sports,4459.12
176,Admit,Home,3280.51
177,Data,Home,1620.96
178,Something,Home,1261.4
179,Short,Fashion,4778.05
180,Sort,Electronics,3567.39
181,Once,Fashion,1836.49
182,Professional,Electronics,4212.54
183,Field,Electronics,3555.7
184,Position,Home,1289.1
185,She,Sports,537.18
186,Quality,Sports,1225.09
187,Involve,Sports,2782.55
188,Statement,Electronics,4267.39
189,Happen,Home,4344.92
190,Technology,Home,3462.38
191,Attack,Fashion,3512.94
192,South,Home,4185.59
193,Parent,Fashion,4328.31
194,Boy,Sports,1522.08
195,Goal,Electronics,338.04
196,Sing,Fashion,157.06
197,Name,Sports,1634.84
198,Though,Home,4864.15
199,Republican,Home,2188.51
200,Almost,Sports,4104.79
